source_path,sha256,git_blob,historical_path,step,status
99-archive/master-working-doc.md,f76c48503d76cece3a8ceeab6a9b5af2798f946b23d403a91eb6c4b0653beedc,14860615d5277a7e0ff21007ecf6878991479aaf,series.md,existing ad702cb3ce524051aa7949e4d0eb602f1164728f,already preserved
99-archive/recovered-package-versions/source-05-the-final-decision/01-bible/bible.md,46700d7233b700cd389afd6e03a5a6c6849f2850581b999cb0bb2afbe302b99d,f03ccbafcbc50fa9bd0871f5d5f4b2ba6db17b14,reference/bible.md,1: Recover early package variant (relative chronology uncertain),planned; reconstructed partial snapshot
99-archive/recovered-package-versions/source-05-the-final-decision/02-book-one/book-one-paradise.md,b507a838d3feca50909393c95495c230c5ddca24689b6aaf5dcbd721c6a20a13,8159fb7244f55e183a9e4fc757927c838298e62f,book-one/paradise.md,1: Recover early package variant (relative chronology uncertain),planned; reconstructed partial snapshot
99-archive/recovered-package-versions/source-05-the-final-decision/02-book-one/book-one-paradise.pdf,252a127f72a63f81620d51efe8a15605b29e048761ab72ab7d700733d533aa36,b7d28ff4c507c6a16ce01ecc7ec5e10276623a46,book-one/paradise.pdf,1: Recover early package variant (relative chronology uncertain),planned; reconstructed partial snapshot
99-archive/recovered-package-versions/source-05-the-final-decision/04-characters/character-sheets.md,38365a5cb95087c024656dadb7f1e65a0509e3fae4f0bd06e83270b58ec94794,1564c6936862afc4848c2e90af307552790fa6db,reference/characters.md,1: Recover early package variant (relative chronology uncertain),planned; reconstructed partial snapshot
99-archive/recovered-package-versions/source-05-the-final-decision/README.md,59d6ebc3a94d0b326099f2c1190ad03e8d2481c790f929e320e75826988b0b6e,e4d183b32b401b4e253e9b8a7791c607f4fbd849,development/package-readme.md,1: Recover early package variant (relative chronology uncertain),planned; reconstructed partial snapshot
99-archive/recovered-package-versions/source-01-the-final-decision-consolidated/01-bible/bible.md,de80291b9aa6cfea7d6290b9389e30c6a59b7f2ae277542aeba8f2c59441c007,1d7384bcae0bdba2073a11c2f210134a190817ce,reference/bible.md,2: Recover early consolidated reference snapshot,planned; reconstructed partial snapshot
99-archive/recovered-package-versions/source-01-the-final-decision-consolidated/04-characters/character-sheets.md,5e3e25e1acb9958b9be17e42fdc239f433fb19e321ea83e976749418bad859ec,fdeb0a7b7550bdfde7afd9ed61991e0d7a6d4510,reference/characters.md,2: Recover early consolidated reference snapshot,planned; reconstructed partial snapshot
99-archive/recovered-package-versions/source-01-the-final-decision-consolidated/06-development-notes/README.md,799eb9bb4e77b1d38e1b4d8b8868a65add9d8cbf6f108cfd75caa069cf840fba,021e8ae3bd986399a7f95daf60b8ad5d6f0ea4ad,development/index.md,2: Recover early consolidated reference snapshot,planned; reconstructed partial snapshot
99-archive/recovered-package-versions/source-01-the-final-decision-consolidated/PROJECT-MERGE-MANIFEST.md,61fa9293d061afd65f44bb9442a6ce7d08dcf8f25f2c7acb46afbbc35bb99f0b,ff9b9ce88195e54631bded700c307d3fbdf48aec,development/package-manifest.md,2: Recover early consolidated reference snapshot,planned; reconstructed partial snapshot
99-archive/recovered-package-versions/source-01-the-final-decision-consolidated/README.md,4685610673f28cabe3382836bf07861c022ddebe21d0fd907a18c6d549ba537a,3efeda6a5b8910cc1332de4784ebacdaabd02516,development/package-readme.md,2: Recover early consolidated reference snapshot,planned; reconstructed partial snapshot
02-book-one/book-one-paradise.md,ca6e0f154605c0c949d1d130eb8d93ce916182ba5e4e6411d8f51d09c23747b0,eb7c3315068eb92759618ba61d7b360f6158f170,book-one/paradise.md,3: Import Book I draft 1 and original adaptation assets,planned; reconstructed partial snapshot
02-book-one/book-one-paradise.pdf,32c361ab265a3a6a8c3af2c609b6a9b5388dead511c891e9ce3db87bb7bfa976,0c0e2c6dc11da55ce60551cccdf4495cefc959d4,book-one/paradise.pdf,3: Import Book I draft 1 and original adaptation assets,planned; reconstructed partial snapshot
05-art/laniakea-tree.png,9fe7c4268f25209f014bb3561ed78bebfb680ca2119da8ace99a6202241e4552,7a8bc10f5260fae5b92898d20912c966e6a7d2f8,art/laniakea-tree.png,3: Import Book I draft 1 and original adaptation assets,planned; reconstructed partial snapshot
03-screen/crossing-sequence.md,9f3d6a4db25ccc5d9e9c0010c44fa7c8eccd7559697ea3656c67eee9ddd5af9a,349817488e7652775c08552bfa72a5763a6afaaa,screen/crossing-sequence.md,3: Import Book I draft 1 and original adaptation assets,planned; reconstructed partial snapshot
03-screen/pilot-and-pitch.md,f6a2a35538a948c6e2d5207c8675d4a75c86102b4a8231f6d35ee4397ae58fc9,0ebda6bbb3de877662f3606b1bc0a646ae12f394,screen/pilot-and-pitch.md,3: Import Book I draft 1 and original adaptation assets,planned; reconstructed partial snapshot
99-archive/recovered-standalone-versions/the-final-decision-book-one-draft-1-revision-notes.md,0760be06b2961e03c51140e93a2d95b0852c39e08f4001828299e90f5232b253,05f0823c0227380b73959740c6db3734c24d1b5e,development/the-final-decision-book-one-draft-1-revision-notes.md,4: Recover original draft review and early author source records,planned; reconstructed partial snapshot
99-archive/2026-09-session-notes/author-clarifications-source-2026-09-22.md,c48dd07ac7f525002a40737b3e66ea5bd4ffcfe1cf031fd7954208a3d6b5b94c,f2f283ca39aa27f48632fbbda0b80cfa91ee3c96,development/sources/author-clarifications-source.md,4: Recover original draft review and early author source records,planned; reconstructed partial snapshot
99-archive/2026-09-session-notes/longevity-daniel-lab-professions.md,6016ea1d3c85bc1c79195e4c613389c671d496ea442e05a67e43dfd58085b273,1a34b5d0e3cd71b5641cbb263c98256d3b7936b0,development/sources/longevity-daniel-lab-professions.md,4: Recover original draft review and early author source records,planned; reconstructed partial snapshot
99-archive/2026-09-session-notes/plot-clarifications-source-2026-09-22.md,311996579773f758355c33daf20fc6facd058af0e5e7d5aa6a534c37647e99dd,02ae8ec7494526faa9ff35578f8be0a9e2474576,development/sources/plot-clarifications-source.md,4: Recover original draft review and early author source records,planned; reconstructed partial snapshot
99-archive/2026-09-session-notes/reality-haven-ark-exploration.md,f4df4d4dbedcdfd06fde64057ff0c0c5c369a247eba30f78b7c9e2c24f2a4006,7a56e654224e0a6e5574bccd2c9530085b51848d,development/sources/reality-haven-ark-exploration.md,4: Recover original draft review and early author source records,planned; reconstructed partial snapshot
02-book-one/book-one-paradise-v2.md,86495a159014369b715a8d6d79102f11144d14731b31aa0a14ec468166edadd2,b075b50d6f58a6f26b5b13044dfa49d7282e0d88,book-one/paradise.md,5: Import Book I version 2,planned; reconstructed partial snapshot
02-book-one/book-one-paradise-v2.pdf,4a2b08d9cce4ba223fc5a1c03a7cf7bd93fac6891d1d7ca7032d63c6c2990129,d76f0842ae20283cf872d8230f4562565be8ef08,book-one/paradise.pdf,5: Import Book I version 2,planned; reconstructed partial snapshot
02-book-one/book-one-paradise-v3.md,654f3ce6894a0ca79f83c79c46ec2fed99c33fc69b88f07d7e1a2e4c72903590,ed23c55761787a625a5b686ebce37d641cd4b4fe,book-one/paradise.md,6: Import Book I version 3,planned; reconstructed partial snapshot
02-book-one/book-one-paradise-v3.pdf,84c9f2bfeb9bd866c446e534b7a51e7c8429ddc9f45f6fa04333dfeb3eabcbc6,d7ef099b8fce7a5b48bfe6c3f3ee690d60757bac,book-one/paradise.pdf,6: Import Book I version 3,planned; reconstructed partial snapshot
99-archive/pre-v4-reference/01-bible/bible.md,1d67a623a7c986f403dad66a24a97245cff353f064b61687d878be8ce5b9897c,656062cf334e45fd67b52f5afc440b3dfeddc38f,reference/bible.md,7: Recover references before version 4 (1/3),planned; reconstructed partial snapshot
99-archive/pre-v4-reference/04-characters/character-sheets.md,63d634fd05f7ebdfcc0dff687dee79aff5a41e9c1b4e6737e18bc9f25b14d84b,b31579f45efb0b12373d4801389ed87283aa3933,reference/characters.md,7: Recover references before version 4 (1/3),planned; reconstructed partial snapshot
99-archive/pre-v4-reference/06-development-notes/README.md,d4dddc4a319f1903da469487efe2987160b95bccf3029f9a9370ddf632cdf769,afce6cc97f7adf596e17f6e01a4979763c3d3dbd,development/index.md,7: Recover references before version 4 (1/3),planned; reconstructed partial snapshot
99-archive/pre-v4-reference/06-development-notes/author-clarifications-2026-09-22.md,e65a8b9534b92708897c557b27ec88c9d52c25b224bbbee8bdc74833d4147330,e37f292ebd3d90158c2fe40f476525612cead9e8,development/author-clarifications.md,7: Recover references before version 4 (1/3),planned; reconstructed partial snapshot
99-archive/pre-v4-reference/06-development-notes/book-one-paradise-v3-review-2026-09-23.md,25d99788e1ed7b7d85a686bd23db1604ae6e7fe352c58b98b008a5491dcc4f6a,f79a1e6027f65bd3701574cb249ef7a3ba329361,development/book-one-paradise-v3-review.md,7: Recover references before version 4 (1/3),planned; reconstructed partial snapshot
99-archive/pre-v4-reference/06-development-notes/current-plot-summary-books-one-and-two.md,f97ff4c140c30dacb1d245c34e4a6175efe2f9adc35426130714eb091681e244,bfadedad6fc34a394d2ebbcb8a24443cc500e7bb,reference/synopsis.md,7: Recover references before version 4 (1/3),planned; reconstructed partial snapshot
99-archive/pre-v4-reference/06-development-notes/draft-1-editorial-review.md,fe41aa031d392bc21d97c14fb6ffbcc3254bfa9ee0e0ee2f3696707672c45cad,8270e6dfde59cde0c747daf3e3d96299b1b4827f,development/draft-1-editorial-review.md,7: Recover references before version 4 (1/3),planned; reconstructed partial snapshot
99-archive/pre-v4-reference/06-development-notes/plot-clarifications-and-mystery-boundaries-2026-09-22.md,fce115cb0e6592c45f24822df0a1403c1ae3acf797ff1b8013d77b27eeb9d6c6,51be7c3650108548ecb1dccbdf83b1298d09659b,development/plot-clarifications-and-mystery-boundaries.md,8: Recover references before version 4 (2/3),planned; reconstructed partial snapshot
99-archive/pre-v4-reference/06-development-notes/provisional-design-notes-longevity-reality-ark.md,703822c4df1fc05f235b250571ac9220f9d8d6998dc0795599d16876f11d9b2d,9d442d72c86893a6091a455813dd2ec7a2b23d60,development/provisional-design-notes-longevity-reality-ark.md,8: Recover references before version 4 (2/3),planned; reconstructed partial snapshot
99-archive/pre-v4-reference/06-development-notes/review-and-open-items-2026-09-22.md,201285f0d3afccf940d035902bca0d339cf459f563e38401f4f9c040b2913001,d8dac30a95869e035972acb7a82d3494fe35d1a6,development/review-and-open-items.md,8: Recover references before version 4 (2/3),planned; reconstructed partial snapshot
99-archive/pre-v4-reference/07-scene-workshop/book1-additions-per-chapter-2026-09-22.md,0029e2d304595aa2729418b464bb010e3f71c0d407526f234707c6538d0f2ad0,f4682c1216d56c77c3ffe643598498d6459ac731,workshop/book1-additions-per-chapter-2026-09-22.md,8: Recover references before version 4 (2/3),planned; reconstructed partial snapshot
99-archive/pre-v4-reference/07-scene-workshop/paranoia-scenes-v1.md,3e61da610736951f5bcc98f6d45db67374b2c856c0a1facb5ba6da7e9395492b,c9724bebea9024b3db4839f5e6c74244be5e6381,workshop/paranoia-scenes-v1.md,8: Recover references before version 4 (2/3),planned; reconstructed partial snapshot
99-archive/pre-v4-reference/07-scene-workshop/structure-and-motifs-2026-09-22.md,7083de902931fe92afb45891bf09c0b2f37bc7b57ea269293f72f6302b62453e,3456692851a7f7f44e3bdee3ba9eecae893fdb07,workshop/structure-and-motifs-2026-09-22.md,8: Recover references before version 4 (2/3),planned; reconstructed partial snapshot
99-archive/pre-v4-reference/PROJECT-MERGE-MANIFEST.md,800771ef5d6f9c3e40a05d01674f05338de32e42c75b4c919ae905848bdaa939,98eb0120056a8f058e5e44c5da5635ebdf9d28b1,development/package-manifest.md,8: Recover references before version 4 (2/3),planned; reconstructed partial snapshot
99-archive/pre-v4-reference/README.md,1e15139d9041c0530995e9aafd74fcd74f9ee7fa5050bb7fcb9d5a43b332a576,9f529e0bdaca0b61af5c222dac39823e16a7266d,development/package-readme.md,9: Recover references before version 4 (3/3),planned; reconstructed partial snapshot
02-book-one/book-one-paradise-v4.md,857450819083bc6424b1a0badb0550c18285082caf134d5b2539c59aff778721,1dfd57658bb995fba9ed54961dea8c79a6e20e24,book-one/paradise.md,10: Import Book I version 4,planned; reconstructed partial snapshot
02-book-one/book-one-paradise-v4.pdf,045e203d7dc602979ccfb38c835705dcc8a19d67d2e94dadc172246eff282869,f4a3a84b64d290e1069013a052b3ab1e8513f4b2,book-one/paradise.pdf,10: Import Book I version 4,planned; reconstructed partial snapshot
08-production/render-book.py,3774559856c86a87b977a02154feec85dc0e94423ba84b4481987e158458b183,71f8543083d29187d8cbfc7b2659823bda6b084d,production/render-book.py,10: Import Book I version 4,planned; reconstructed partial snapshot
08-production/v4-validation.json,a5436ccf12a7db4292525850f1c3d858c27646322f8fa611d6cec4dbaedbef79,2f309e8d698c1484d4e6892d1e61c6d0edc694a7,production/v4-validation.json,10: Import Book I version 4,planned; reconstructed partial snapshot
06-development-notes/v4-revision-notes-2026-09-23.md,61326df34a8f2790a3d754ccca4560ff2f59edb1e960ca3113868d2b5dc79654,0065560dfa42c162e8df772f98a63e92ec3d8995,development/revision-notes.md,10: Import Book I version 4,planned; reconstructed partial snapshot
99-archive/recovered-standalone-versions/book-one-paradise-v4.pdf,0445755c8dd0a31f9e3baedcd4115822dd1b99c92b5179b7f9c4587077a30e10,d197e360aa30c89e27414bce860118197c4167a9,book-one/paradise.pdf,11: Preserve alternate version 4 PDF bytes,planned; reconstructed partial snapshot
99-archive/post-v4-notes/notes-before-seven-thresholds-2026-09-23.md,1e0724e4b89b6d3a29682a02be231ad8c09c08356cefa7457de26eca5986be6a,a3d0dbde92114676ccecce04a2598a0c27819692,development/post-v4-author-notes.md,12: Recover initial post-version-4 author notes,planned; reconstructed partial snapshot
99-archive/pre-v5-reference/01-bible/bible.md,315b85b13a8f447e48592df7da3ea1252177be96b6c927e738b9be3364e1cee3,1099ecbd42ca57abae7278d3f2cecdb9953d7c0b,reference/bible.md,13: Recover references before version 5 (1/2),planned; reconstructed partial snapshot
99-archive/pre-v5-reference/04-characters/character-sheets.md,5878a5270b36762c48561aebef3de84d1f33fe714f7027cc6802662f06338cef,83f2fd7043a08ffe9f876b250e7aec84c0c1bf11,reference/characters.md,13: Recover references before version 5 (1/2),planned; reconstructed partial snapshot
99-archive/pre-v5-reference/06-development-notes/README.md,e488e80a6de3b20dc848e7043889eb09f46d0e6c4178ecfa5312ce75e9b26907,dd8437a9aef56aef626304967232e1871cc5bd92,development/index.md,13: Recover references before version 5 (1/2),planned; reconstructed partial snapshot
99-archive/pre-v5-reference/06-development-notes/current-plot-summary-books-one-and-two.md,a6f811bc730a9599c29efa14d3a8963b96e48e472c05d71cd3f2161ff9a30ae8,ad6c213718823e6b901b5aaff85f0a3e37888bc8,reference/synopsis.md,13: Recover references before version 5 (1/2),planned; reconstructed partial snapshot
99-archive/pre-v5-reference/06-development-notes/post-v4-author-notes-2026-09-23.md,0fe0ab9ebc5d2f072b3446304e247353c6c6a533693bafe8b7473084e5904353,f1b5b64cd3d38d5ebab1a251b26fd953bea42e74,development/post-v4-author-notes.md,13: Recover references before version 5 (1/2),planned; reconstructed partial snapshot
99-archive/pre-v5-reference/08-production/README.md,093b7dddc7c1b3d7326304fd90d76f2aef894fdf81dd9bacc7614109f5c6ee93,b60c14267443636516641fdc522f708a36f501c8,production/README.md,13: Recover references before version 5 (1/2),planned; reconstructed partial snapshot
99-archive/pre-v5-reference/PROJECT-MERGE-MANIFEST.md,80742ae92df43ea9b26bf834c4e539bc87184b704f0ad7a175d9d3e68b47ff67,39a2ac5a70585e24c35e86f03c2c0254dc6711bb,development/package-manifest.md,13: Recover references before version 5 (1/2),planned; reconstructed partial snapshot
99-archive/pre-v5-reference/README.md,8dfd14b4ce4dcd1b9974ba1fde9af7cbc934953a72bc420f60b59202b3e00229,85fa26a66ac1ef2360ea549a1fdf9624dd13e3c9,development/package-readme.md,14: Recover references before version 5 (2/2),planned; reconstructed partial snapshot
02-book-one/book-one-paradise-v5.md,a6bd4771632300de92cdd0864c355edc2075f8457e35eb6676f2476023bda7d2,97cf15c54719b7917adcb502bfc3d4b67ff4f43f,book-one/paradise.md,15: Import Book I version 5,planned; reconstructed partial snapshot
02-book-one/book-one-paradise-v5.pdf,71488573ca566436ef1a4c48bb159a6b2d0d84dccbbc22806212e00036d78c41,7d670e415dbae9d1a3ddff7f9da62082c874f9a1,book-one/paradise.pdf,15: Import Book I version 5,planned; reconstructed partial snapshot
08-production/render-book-v5.py,4336ed78d945960a547173fa7c4233c8c6ba2c55c7a0568618c893d3208348c6,4e310783780403c4726b49669e850d2028379830,production/render-book.py,15: Import Book I version 5,planned; reconstructed partial snapshot
08-production/v5-validation.json,b213d707e9c53d8bee2ba115f7103fd6c5b6c1732cf407aa76fd51dd1c3ab3f7,ff7fd8ded2e30594d6c67fc08dbb883d5335f59f,production/v5-validation.json,15: Import Book I version 5,planned; reconstructed partial snapshot
06-development-notes/v5-revision-notes-2026-09-23.md,f5044f95b9fb5a0c527f0f1ed138d3aa2f5ed1430b6c99a17f3c2c82bdd5f4db,65b456e9eda666b4e841def058a5cdb7c91bba10,development/revision-notes.md,15: Import Book I version 5,planned; reconstructed partial snapshot
99-archive/recovered-standalone-versions/book-one-paradise-v5.pdf,5ef458e6659b1159946c47c08a7ff3da39abd7ffd385cfef4577ce6ef6390fb5,748b18d50f3bfd8b5657156fac57663b191034be,book-one/paradise.pdf,16: Preserve alternate version 5 PDF bytes,planned; reconstructed partial snapshot
99-archive/pre-v6-planning-reference/06-development-notes/README.md,45065e2dd4663551af6689bb43eedc5c565a0993dfee48efe7bd8fc34e8da0f5,9b900ac06d388af9fe6e655a03ba5b1eeb09723e,development/index.md,17: Recover references before version 6 planning,planned; reconstructed partial snapshot
99-archive/pre-v6-planning-reference/PROJECT-MERGE-MANIFEST.md,bec75fa1cec3ff03520560d8c65da574efdaeb49cd598b1dbdc36513f10a5577,0252dc832e645f306915bd2140059afeb85514a6,development/package-manifest.md,17: Recover references before version 6 planning,planned; reconstructed partial snapshot
99-archive/pre-v6-planning-reference/README.md,4f197a5ab18c201bb407ecf055540c437724e750f1b5e62df085dea1f11c0913,63ec3566ad3c09a71a4109ace87b7f5737d238c0,development/package-readme.md,17: Recover references before version 6 planning,planned; reconstructed partial snapshot
99-archive/v6-planning-iterations/v6-development-path-before-crossing-dreams-2026-09-23.md,8acaa92d6d85ebe731ad546db35ee2cddcc7282c56c97732e2fca91b0110fa2b,f53c19189a5d74681c5dc45716e306448ea7ba7b,development/development-path.md,18: Recover planning state before crossing dreams,planned; reconstructed partial snapshot
99-archive/v6-planning-iterations/v6-development-path-before-aerospace-attention-2026-09-23.md,1cd961e1efed0e251b167fdbf048aa7c31c2cddaa320fa2bcc84e033fd8024b3,0780bc7e2ffb5390162a0d27faee3644be7ed6b0,development/development-path.md,19: Recover planning state before aerospace attention,planned; reconstructed partial snapshot
99-archive/v6-planning-iterations/v6-development-path-before-hesk-trust-closure-2026-09-23.md,dba6e08ba11d883a6d0ac28fe8dc5ded52b22d06c69922cb1a018318f6a689a3,89b514750600b22813b96e5eb1943150097f63f6,development/development-path.md,20: Recover planning state before hesk trust closure,planned; reconstructed partial snapshot
99-archive/v6-planning-iterations/v6-todo-before-hesk-trust-closure-2026-09-23.md,50faec15c810179940a130b1ac77afd9774e7f926cf51b1d56c1c6ab819aa890,b86d77af18091576194f8d148aede436881712b3,development/todo.md,20: Recover planning state before hesk trust closure,planned; reconstructed partial snapshot
99-archive/v6-planning-iterations/v6-development-path-before-quiet-transition-2026-09-23.md,d6f58c8c3e59610b8c345b24e38533affcaf4858a4464f4259f32ada535ad032,881e06c2e40fd2381288c3c1404c17de47613fc9,development/development-path.md,21: Recover planning state before quiet transition,planned; reconstructed partial snapshot
99-archive/v6-planning-iterations/v6-todo-before-quiet-transition-2026-09-23.md,3cc6d20a27f562daa6b208cc05d9807cf555b2c17681ff1487e4dd2fa6471078,52ee8749cc358fc2e59a4db818769b5d0f784be3,development/todo.md,21: Recover planning state before quiet transition,planned; reconstructed partial snapshot
99-archive/v6-planning-iterations/v6-development-path-before-map-windows-mythology-2026-09-23.md,fbd66e17c05c2023b2473670aa8249bdff4807f37208917cb5d1e361485e493e,399a86a90337311255793168b9250752c87d34e4,development/development-path.md,22: Recover planning state before map windows mythology,planned; reconstructed partial snapshot
99-archive/v6-planning-iterations/v6-todo-before-map-windows-mythology-2026-09-23.md,43f175a75ee6a26f98aa90ce02433e3f180526f7882d29d7af289e1282a90354,b3593614ed1dda29da1c9dcf958347e14d9ccd92,development/todo.md,22: Recover planning state before map windows mythology,planned; reconstructed partial snapshot
99-archive/v6-planning-iterations/v6-development-path-before-preserved-options-2026-09-23.md,2938cdd1e764e1d97e57a941c6f49afe286752214a02167ac8b9e8bb47d89316,d306ba339b3e3f8787db2656b9458dbd3315dbe5,development/development-path.md,23: Recover planning state before preserved options,planned; reconstructed partial snapshot
99-archive/v6-planning-iterations/v6-todo-before-preserved-options-2026-09-23.md,74b2e60a92246987779776712408e697fae25ddbf6b5dbc9fbf6510894d31795,de4d6d918275a382b0ce27d877e1bc239e2ef464,development/todo.md,23: Recover planning state before preserved options,planned; reconstructed partial snapshot
99-archive/v6-planning-iterations/v6-development-path-before-habitat-meaning-2026-09-23.md,c91d8304fc99edfeb7bbf44ae996ced82b9262420398a4a454964717b76c6822,2883309f704857dffd6cde84e0101d2bfa1d508b,development/development-path.md,24: Recover planning state before habitat meaning,planned; reconstructed partial snapshot
99-archive/v6-planning-iterations/v6-todo-before-habitat-meaning-2026-09-23.md,a2176183c4a29c65ddae2a6774dbcf88db73390b3275dfb6654ab2497280ace9,6bad426450b391a24b7ef938bef29fb17f6976d2,development/todo.md,24: Recover planning state before habitat meaning,planned; reconstructed partial snapshot
99-archive/v6-planning-iterations/v6-development-path-before-quiet-ending-assessment-2026-09-23.md,d2efc942429acc10106d5d1caebd61b9d76732128cbc74636c0b5b23fcbc4ea3,376f8bbcdc099d33082a693a6a41123b6866d4c4,development/development-path.md,25: Recover planning state before quiet ending assessment,planned; reconstructed partial snapshot
99-archive/v6-planning-iterations/v6-todo-before-quiet-ending-assessment-2026-09-23.md,c0b59ae695079b78c9cb323ad5cf46a10365aa8065a2fdd31483b7ebc22a5580,2e50eb3bab563ad225fd7cde9b3a1dc210b7485c,development/todo.md,25: Recover planning state before quiet ending assessment,planned; reconstructed partial snapshot
99-archive/v6-planning-iterations/v6-development-path-before-family-contact-2026-09-23.md,9a1b5ebafce4eebc066a97c193198e634e775428f811101bf40ec1e751882fea,43a5fe222aac56855b57abc8fe85203dbcc099fe,development/development-path.md,26: Recover planning state before family contact,planned; reconstructed partial snapshot
99-archive/v6-planning-iterations/v6-readiness-assessment-before-family-contact-2026-09-23.md,df062a79ec1a0a51173dad98c7c971d2fe2e55571239103162d52caffca96bc5,65b8090dba418959618c9ac0611e3d9aa2874231,development/readiness-assessment.md,26: Recover planning state before family contact,planned; reconstructed partial snapshot
99-archive/v6-planning-iterations/v6-todo-before-family-contact-2026-09-23.md,df1a5cb78b400d1d40510ea2d2179b0985128b20c0b0ffa2645f103d92a7161b,5386924685c6c5eeef6ec590828a4d7a99b74f15,development/todo.md,26: Recover planning state before family contact,planned; reconstructed partial snapshot
99-archive/v6-planning-iterations/v6-character-profiles-before-daniel-letter-2026-09-23.md,d85d639b2876dc8b3ee2aaba01353469a117a581a11c04e08f7fb42425d29ed3,8fc0a592b4af0a5a8ee9ad502c272b639a966d09,development/character-profiles.md,27: Recover planning state before daniel letter,planned; reconstructed partial snapshot
99-archive/v6-planning-iterations/v6-development-path-before-daniel-letter-2026-09-23.md,66ed47c9882b0113c966ed319c7b3cb1489ac28b0579194688e44c9dd2583b50,5c37847c727dd07e01964f9f6329dd9850375d36,development/development-path.md,27: Recover planning state before daniel letter,planned; reconstructed partial snapshot
99-archive/v6-planning-iterations/v6-readiness-assessment-before-daniel-letter-2026-09-23.md,1238ba2f4be50a1f8cce00778445535dd3bf1fb381431f459f49644e9857be4a,dcc719c45061890c837976ceb5f31deec150adfc,development/readiness-assessment.md,27: Recover planning state before daniel letter,planned; reconstructed partial snapshot
99-archive/v6-planning-iterations/v6-todo-before-daniel-letter-2026-09-23.md,08f83b4f08f1bdfb8fc8a22e1ffe92eb66ef825fc3fb5a58a5829e436de1a0cd,bd15f7fdc9a37d6f5288b66f7f2b790d2ab43c9d,development/todo.md,27: Recover planning state before daniel letter,planned; reconstructed partial snapshot
99-archive/v6-planning-iterations/v6-character-profiles-before-ruth-handover-2026-09-23.md,dcc904a4bc0d96a1a893607e0714dd8325b5169bba1667be95e63807fe30c4cd,55803606b01a4847b8014aa8b0b91feec2c01a42,development/character-profiles.md,28: Recover planning state before ruth handover,planned; reconstructed partial snapshot
99-archive/v6-planning-iterations/v6-daniels-letter-before-ruth-handover-2026-09-23.md,7ab7367e66aa65153110b154e91980ece13d1323e1d3f87d1a05d584c0247008,e606dc8d0c0596d51b7d575db7eb09276db7d62b,development/daniels-letter.md,28: Recover planning state before ruth handover,planned; reconstructed partial snapshot
99-archive/v6-planning-iterations/v6-development-path-before-ruth-handover-2026-09-23.md,0260b9f93b26c5bc18adc85e4998076320bc131e7f1cadeefa431a57978b9962,eb59db2a6b9f277d17fd3084e89ecc41e268726b,development/development-path.md,28: Recover planning state before ruth handover,planned; reconstructed partial snapshot
99-archive/v6-planning-iterations/v6-readiness-assessment-before-ruth-handover-2026-09-23.md,6a3d01bd009e4af0d3de47f6fe2ec6c53271180aa8960f012a8473278025ba56,75af6b32ba57f0b019f87a0f84df1947052f2f0c,development/readiness-assessment.md,28: Recover planning state before ruth handover,planned; reconstructed partial snapshot
99-archive/v6-planning-iterations/v6-todo-before-ruth-handover-2026-09-23.md,62b8a1ffe9df94707e263c9e21dbbd26fe75d85e08ecfc01992538a8a267013f,348973b8ea5734c9fe91b7a53c03127e4a249350,development/todo.md,28: Recover planning state before ruth handover,planned; reconstructed partial snapshot
99-archive/v6-planning-iterations/v6-character-profiles-before-chain-rock-2026-09-24.md,374b10aa27ff41a1ba63c6390d22ef9ead7288d1929a35433c08b26fe03d037e,26f0c41bbee08e3199133dad2ae6ed06ed885692,development/character-profiles.md,29: Recover planning state before chain rock,planned; reconstructed partial snapshot
99-archive/v6-planning-iterations/v6-daniels-letter-before-chain-rock-2026-09-24.md,cde9bbc01a63016cc7fb8738a2d9f9766baccf4deba12fab1e9dadeb5c6e3176,4b075a12f75a35b0bbfd07275295022c479a3baf,development/daniels-letter.md,29: Recover planning state before chain rock,planned; reconstructed partial snapshot
99-archive/v6-planning-iterations/v6-development-path-before-chain-rock-2026-09-24.md,e49d1841c00f0a7c52aa8ca375ec0ce9375df1f0b0b44e6c0fe76c1e35ca8756,2a37ea4ecf6d164b8e2e4d2b4c4e8b51d11f9f2f,development/development-path.md,29: Recover planning state before chain rock,planned; reconstructed partial snapshot
99-archive/v6-planning-iterations/v6-todo-before-chain-rock-2026-09-24.md,c861ad420142f977fa3552f3f6152751801a93b176aa4ceac1bb2077b55e1b4f,96c7f09d32c02ccfa176e31a51ec6ea377884c14,development/todo.md,29: Recover planning state before chain rock,planned; reconstructed partial snapshot
99-archive/v6-planning-iterations/v6-character-profiles-before-parental-forgiveness-2026-09-24.md,cb2f10f78a30e533fa5501fb8a11698ec00f42cbfbdb47568a5596859ea859f4,a734b5b8779d97fd41931a73a2a39452c1446189,development/character-profiles.md,30: Recover planning state before parental forgiveness,planned; reconstructed partial snapshot
99-archive/v6-planning-iterations/v6-daniels-letter-before-parental-forgiveness-2026-09-24.md,c3c37c2adbf8984bf41a12a61ab75677245f299c72b5173c10b259adf94f3860,8dd88b745317c2d9d9e5805c117a49497f526ba3,development/daniels-letter.md,30: Recover planning state before parental forgiveness,planned; reconstructed partial snapshot
99-archive/v6-planning-iterations/v6-development-path-before-parental-forgiveness-2026-09-24.md,dd93bfad8bf73e2e08d1a73bd1486059919058ca2af09e10ebbf9614c842f7a8,c8e146980d330e172052fecfe5c3eaf7fb27a61c,development/development-path.md,30: Recover planning state before parental forgiveness,planned; reconstructed partial snapshot
99-archive/v6-planning-iterations/v6-todo-before-parental-forgiveness-2026-09-24.md,2e8b0c068311f1be42731940155ec430bc60569d995ea9faddabc42503ad160c,0689bb8e88e1c6447fb2ef35876ead18f8350d2b,development/todo.md,30: Recover planning state before parental forgiveness,planned; reconstructed partial snapshot
99-archive/v6-planning-iterations/v6-development-path-before-chapter-outline-2026-09-24.md,11c385795e2c96a2858fa857627a703913a89679d62630151c1e5b75430ddbf9,7690ea16dcc48299059bff5b6365153408988c7e,development/development-path.md,31: Recover planning state before chapter outline,planned; reconstructed partial snapshot
99-archive/v6-planning-iterations/v6-todo-before-chapter-outline-2026-09-24.md,33f1f17641bc474d27edd40bfaddaa797f53a8b3875b4c829f3f25c49736bf79,f1c640757115c48ae8f3f7fb56bb5865ad1b8f4b,development/todo.md,31: Recover planning state before chapter outline,planned; reconstructed partial snapshot
99-archive/v6-planning-iterations/v6-chapter-and-clue-outline-before-ant-and-reunion-2026-09-24.md,482cc7bc8c9cf450ab809baf3160aa518ec26221ee73f1ea547a371b9b154b5d,827b72c0b1df7461573a47bbbeea25adf5c3d39c,development/chapter-and-clue-outline.md,32: Recover planning state before ant and reunion,planned; reconstructed partial snapshot
99-archive/v6-planning-iterations/v6-character-profiles-before-ant-and-reunion-2026-09-24.md,1bfc6e9440532eefc36686580fd98a5bbe53a3a5b6066085d32bbeed39bdb7ff,ab33a1be2f9875d2230d847fc88df8971f831786,development/character-profiles.md,32: Recover planning state before ant and reunion,planned; reconstructed partial snapshot
99-archive/v6-planning-iterations/v6-daniels-letter-before-ant-and-reunion-2026-09-24.md,4718c175e2e4ddc972bcb4d0c58183e143329562ecbc4c48a5ca16fcb9f65085,a8e9b1ed80a6411d6609e57dd9fc11e03e792d4d,development/daniels-letter.md,32: Recover planning state before ant and reunion,planned; reconstructed partial snapshot
99-archive/v6-planning-iterations/v6-development-path-before-ant-and-reunion-2026-09-24.md,2a5596737edf998b0ec716645b406788d2041879f72b75ebff440a2a66c6d255,2e667aaee16fdb8dfe0ca8b309aca3cb6c24c8eb,development/development-path.md,32: Recover planning state before ant and reunion,planned; reconstructed partial snapshot
99-archive/v6-planning-iterations/v6-todo-before-ant-and-reunion-2026-09-24.md,04b337f986f2600de9ad67c27a2fc75626221bbde608b0f66c398f3b8cad3f70,26296977fe0e2e93fb7f2c4437792d7d420cfced,development/todo.md,32: Recover planning state before ant and reunion,planned; reconstructed partial snapshot
99-archive/v6-planning-iterations/v6-chapter-and-clue-outline-before-message-route-2026-09-24.md,0f2861cb94be36538421a07cccff87ff6af0c57b838150afb1e50d06e23dcc9b,6a58421ccd868155a786ff9621d6a9cbee0aab53,development/chapter-and-clue-outline.md,33: Recover planning state before message route,planned; reconstructed partial snapshot
99-archive/v6-planning-iterations/v6-character-profiles-before-message-route-2026-09-24.md,c04d84f04abd056006b8f6351b45d2612bc1c50b303d0c12f249810042f323e2,56f0df32fa89f0ddeaaa573671b61d109b5d508a,development/character-profiles.md,33: Recover planning state before message route,planned; reconstructed partial snapshot
99-archive/v6-planning-iterations/v6-development-path-before-message-route-2026-09-24.md,950b0b6fc3ecfdcbe5c468af57793aacb57b75bde0942c5eb265abc4ae827335,024a62f62c4951ee201de15a628e3d0ac57833c3,development/development-path.md,33: Recover planning state before message route,planned; reconstructed partial snapshot
99-archive/v6-planning-iterations/v6-todo-before-message-route-2026-09-24.md,f14d18f305456832fbfdd600fe3adba91b6b3a18d10213e1612d1acdb313dd9a,1d0a8419fe0dfb64d5cbf40fc21d0342ea68c503,development/todo.md,33: Recover planning state before message route,planned; reconstructed partial snapshot
99-archive/v6-planning-iterations/v6-chapter-and-clue-outline-2026-09-24-before-contact-strategy.md,f607b409504ee57f76ad19363210990f0df471b46220a9590be91b462285a1f9,d2e4c20c561b1d947d86d39d4bbdef5a3e872e18,development/chapter-and-clue-outline.md,34: Recover planning state before contact strategy,planned; reconstructed partial snapshot
99-archive/v6-planning-iterations/v6-development-path-2026-09-23-before-contact-strategy.md,2af02b326edcb905e98606512c19dcf2aae66bf017b92e561ff83b3865f297a7,a9f5bf8f0592fe7e27cc2b88fd0520a9647a0809,development/development-path.md,34: Recover planning state before contact strategy,planned; reconstructed partial snapshot
99-archive/v6-planning-iterations/v6-todo-before-contact-strategy.md,65635a8386240d191cee36284343e34a5fd468e3c94d98f29b215c401287d2ca,3981de95e086948c42d013d98b7d38f243c140de,development/todo.md,34: Recover planning state before contact strategy,planned; reconstructed partial snapshot
99-archive/v6-planning-iterations/v6-chapter-and-clue-outline-2026-09-24-before-human-choice-refinements.md,08e8fdca3343869ed80c597145d8931c3f2ab242f1cec3936926a338e107648c,bc80a09a8e028da03bb5cccaab5114aa1f65a91b,development/chapter-and-clue-outline.md,35: Recover planning state before human choice refinements,planned; reconstructed partial snapshot
99-archive/v6-planning-iterations/v6-character-profiles-2026-09-23-before-human-choice-refinements.md,d19c59d547d012e47ab30d962b320b28eae46ebbdf629768ad0928b65c2dcef6,74d3c5c87c665e3bb03198eca7bb4b0a173aedc2,development/character-profiles.md,35: Recover planning state before human choice refinements,planned; reconstructed partial snapshot
99-archive/v6-planning-iterations/v6-contact-strategy-2026-09-24-before-human-choice-refinements.md,927f252d80a153fc16ba11ba12d7fc11b40ce52822dd31b45094f2ceaa5dd0b3,19b0c697d2e9e1ed6a8fad3b6f62d8f2afc851e1,development/contact-strategy.md,35: Recover planning state before human choice refinements,planned; reconstructed partial snapshot
99-archive/v6-planning-iterations/v6-development-path-2026-09-23-before-human-choice-refinements.md,a1cfafdf5b4a742f2863d1ca469418089a9b76c25d414ef1c7253579eeb8234c,709848b106eea16e422df77a6da5792d369405eb,development/development-path.md,35: Recover planning state before human choice refinements,planned; reconstructed partial snapshot
99-archive/v6-planning-iterations/v6-readiness-assessment-2026-09-23-before-human-choice-refinements.md,e49e21b0513116d4859823590b44a6b781e6aecfa10c35593f34c4c76907f0c6,00708fe1ac36b1b0e7d38d722e2d75a752cbefc6,development/readiness-assessment.md,35: Recover planning state before human choice refinements,planned; reconstructed partial snapshot
99-archive/v6-planning-iterations/v6-todo-before-human-choice-refinements.md,a925d5ce695ff0f7d0459794ddab443f08dec4f5968d0b89149dfb881f960955,cb785aedc025fc323d8d2c2042693446795c09c9,development/todo.md,35: Recover planning state before human choice refinements,planned; reconstructed partial snapshot
99-archive/v6-planning-iterations/v6-chapter-and-clue-outline-2026-09-24-before-publication-lead.md,1d7bf7c6ed9abca58e6ee08fd68af0ae99f3699799a3ee72963fce86d0bb6d3a,343b1b8ca82db48d82cd0e1c532447537c8d5a04,development/chapter-and-clue-outline.md,36: Recover planning state before publication lead,planned; reconstructed partial snapshot
99-archive/v6-planning-iterations/v6-character-profiles-2026-09-23-before-publication-lead.md,f0e65f926dcb3670fb12add056db0d4c7c92ca88e6322cf6d20bdf6e78321367,46130ed0a3c09d6df4d357031f406836e86857d7,development/character-profiles.md,36: Recover planning state before publication lead,planned; reconstructed partial snapshot
99-archive/v6-planning-iterations/v6-development-path-2026-09-23-before-publication-lead.md,742818d36e2a1a18da06b8434e036e6079c9034df0a7e9ea93331f8e9c6a6180,8c27431ca161adfc9176385c253801fa55f2b76d,development/development-path.md,36: Recover planning state before publication lead,planned; reconstructed partial snapshot
99-archive/v6-planning-iterations/v6-readiness-assessment-2026-09-23-before-publication-lead.md,dc67fa74f73c377cccc335b712e65ce2548bffba6d5c1dd80b26f0f042444729,7edc194d37fbcaed45ce0f49a97330523e37a3e6,development/readiness-assessment.md,36: Recover planning state before publication lead,planned; reconstructed partial snapshot
99-archive/v6-planning-iterations/v6-todo-before-publication-lead.md,528b5590231a8bbc9277cb1ae88a63b17cb824b325d114acb3c6a2efadf79bc8,a4913307fecd4867e4704287765af0e84c701cdd,development/todo.md,36: Recover planning state before publication lead,planned; reconstructed partial snapshot
99-archive/v6-planning-iterations/v6-chapter-and-clue-outline-2026-09-24-before-colleague-commentary.md,f5c6fda90d263792bfdda38bf68c89dc8ff13b8015cf008f002eb22938dc76d4,c38fb57648924323795c4619d1a9c357e1b939e8,development/chapter-and-clue-outline.md,37: Recover planning state before colleague commentary,planned; reconstructed partial snapshot
99-archive/v6-planning-iterations/v6-character-profiles-2026-09-23-before-colleague-commentary.md,172ec0c23145638f855fa2cc52733d122ac7471962c1976ceb287c1cdbd16eb4,313585375127a1b918f59b6b945d6aa397c78d33,development/character-profiles.md,37: Recover planning state before colleague commentary,planned; reconstructed partial snapshot
99-archive/v6-planning-iterations/v6-development-path-2026-09-23-before-colleague-commentary.md,db6dbf3e89c15964319b8509b1dc3b39e1255971b1e845a15fb86136aee1a92e,2925e7473d544d6af783c8269cb1a7649c844f7b,development/development-path.md,37: Recover planning state before colleague commentary,planned; reconstructed partial snapshot
99-archive/v6-planning-iterations/v6-todo-before-colleague-commentary.md,cbc20f7a3a48215e044fbb0eb29ffa81d0e392451a2ec089a019a0b2a7273dc3,dae8b00670831248f292661c1c4b126d060fdba0,development/todo.md,37: Recover planning state before colleague commentary,planned; reconstructed partial snapshot
99-archive/recovered-package-versions/source-03-the-final-decision-v5/99-archive/2026-09-session-notes/v6-planning-source-2026-09-23.md,50a88e255bef0949dba281fde134097798fc7b7bc8eeafae8a51e98bfb1f342b,410f2ebe6a5450a13432d78a900e5d5dbbf2136c,development/sources/v6-planning-source.md,38: Recover earlier accumulated version 6 discussion,planned; reconstructed partial snapshot
99-archive/pre-v6-reference/01-bible/bible.md,471b5a6450c0761a88d498c7c16d227f9b91b5e2385a14e9fed44c020585dcba,aaa19d77cc123919fc705a0756f9e01f83192c3f,reference/bible.md,39: Recover references before version 6 manuscript (1/2),planned; reconstructed partial snapshot
99-archive/pre-v6-reference/04-characters/character-sheets.md,ec8685b1ba9f397177f8b4e3a41a1a6e88d9639b8877887cec955915e9992882,8b2595a78db2194a6447313835d0d03e2b26f366,reference/characters.md,39: Recover references before version 6 manuscript (1/2),planned; reconstructed partial snapshot
99-archive/pre-v6-reference/04-characters/v6-character-profiles-2026-09-23.md,d880c587ac2ed0c451a9ca4607b734b9e70ef1eab6a0605b9564daea7fd23af0,133f3957923f9ba1accde6f0a0328d8efa3cf349,development/character-profiles.md,39: Recover references before version 6 manuscript (1/2),planned; reconstructed partial snapshot
99-archive/pre-v6-reference/06-development-notes/README.md,c06d315e5c6d061b204cf99237d0756dcb5bf84b84399025e58006a81e997e21,e06bde3efb87f56184bae232b1cf39342af8883d,development/index.md,39: Recover references before version 6 manuscript (1/2),planned; reconstructed partial snapshot
99-archive/pre-v6-reference/06-development-notes/current-plot-summary-books-one-and-two.md,57ce79a5895e650a7f604578b449d976cbe6dfbf30c6aff643956e36ebc5919c,749ca292037d9b4f98a7fe0d827ef0ba4fbc8fb1,reference/synopsis.md,39: Recover references before version 6 manuscript (1/2),planned; reconstructed partial snapshot
99-archive/pre-v6-reference/06-development-notes/v6-chapter-and-clue-outline-2026-09-24.md,2b53f35ac7180fa1b0b41b2ba395b51e1b46962e9dde507e20aec5419e3d2b69,66dd377e07f6793952235ebfff85c0c4998b6d9a,development/chapter-and-clue-outline.md,39: Recover references before version 6 manuscript (1/2),planned; reconstructed partial snapshot
99-archive/pre-v6-reference/06-development-notes/v6-contact-strategy-2026-09-24.md,297ef0ed8e49bad8e40672f963bb09545adf1d1eab6d8000042089002568be2e,0c7983daf3529ca7e9f19c2c607bf624c2af093d,development/contact-strategy.md,39: Recover references before version 6 manuscript (1/2),planned; reconstructed partial snapshot
99-archive/pre-v6-reference/06-development-notes/v6-daniels-letter-2026-09-23.md,ef4b8bef48f237abf775bfe4787d926b3c45e2cea794705fb0b063eff91cfa66,de48eea3c2029a987cf4577d702a40c1cf239d83,development/daniels-letter.md,40: Recover references before version 6 manuscript (2/2),planned; reconstructed partial snapshot
99-archive/pre-v6-reference/06-development-notes/v6-development-path-2026-09-23.md,a6be5d5f0811b2b529233608daff60a36d91f456c7cbd8f24a606cd946e76910,b693bb15b3bbf01132d3c37a0cf6efe11c09250b,development/development-path.md,40: Recover references before version 6 manuscript (2/2),planned; reconstructed partial snapshot
99-archive/pre-v6-reference/06-development-notes/v6-readiness-assessment-2026-09-23.md,e9258b6f42ded2c2f39a9aafb49ae993bacf00d95b02711def6d968d38a2f847,2de5a2ebd5caf85445feb6ef06c93f45e43cce8e,development/readiness-assessment.md,40: Recover references before version 6 manuscript (2/2),planned; reconstructed partial snapshot
99-archive/pre-v6-reference/06-development-notes/v6-todo.md,90d96674a7f0c074b522f1a8401853a801ece958d57da0f8a5b734ae089076ec,fba27a573c0e212f287624d67ca9f554567b7d45,development/todo.md,40: Recover references before version 6 manuscript (2/2),planned; reconstructed partial snapshot
99-archive/pre-v6-reference/08-production/README.md,30aac1a4defc8d78224ac141664d211843599e124e6f3894a4543a5aba2c75d9,b91576fc3ea95bd3f453ef5a4bd33cd4f8b088ce,production/README.md,40: Recover references before version 6 manuscript (2/2),planned; reconstructed partial snapshot
99-archive/pre-v6-reference/PROJECT-MERGE-MANIFEST.md,d9f2614284cf325a267718e39ba6b3e1777c46754cb039f4fe24906eb11524fc,fd48db0bce2561f183c9fb30bc921202d5d91253,development/package-manifest.md,40: Recover references before version 6 manuscript (2/2),planned; reconstructed partial snapshot
99-archive/pre-v6-reference/README.md,06107dae3996506a7477920fd3729dad4109eb9823a9c317fde4de02544f4b3c,fedbefc83dc2382c615f2a9b13e6c13d07b58c1a,development/package-readme.md,40: Recover references before version 6 manuscript (2/2),planned; reconstructed partial snapshot
02-book-one/book-one-paradise-v6.md,fcdb5258bfe5f57244a24c694a94eb8071e84d2895fc3d880720fecc43a20150,5b08e35eed946dfd804fabf4bb4de0e5d2ae0b56,book-one/paradise.md,41: Import Book I version 6,planned; reconstructed partial snapshot
02-book-one/book-one-paradise-v6.pdf,d17118f70bc054a94463fb9ae2dd65fefc7fc384715a96819fb6320c1ee151da,e820991e28191d7283fae1c2e8e4e0e18c9626ab,book-one/paradise.pdf,41: Import Book I version 6,planned; reconstructed partial snapshot
08-production/render-book-v6.py,6316836e0d7b07dfdbe6e127913681b12b3eeec3ce20ac41b806e1d605a554e9,d958c62089e23caccb857cb70dc2de012bbd0bc0,production/render-book.py,41: Import Book I version 6,planned; reconstructed partial snapshot
08-production/v6-validation.json,c4a106d9855ff078e661c25341d4c34d594a4ceabba865441d732aa904ff1c0b,b5dd5371bb6d39b3ae80d778a7f774226050b294,production/v6-validation.json,41: Import Book I version 6,planned; reconstructed partial snapshot
06-development-notes/v6-revision-notes-2026-09-24.md,4c0270f5f996bb3b43686f866480083ed0300e02915aec31cf33fa6f07316d21,45faac7d6b5cd05eb482dec31f17a8f58128b02a,development/revision-notes.md,41: Import Book I version 6,planned; reconstructed partial snapshot
99-archive/recovered-standalone-versions/book-one-paradise-v6.pdf,f8958ee1577ddb4784918cc026e495e4c3716cad2b950efbe69b22354f930bbf,8043fd01231c2e27f78ba64410c74161e054ca7a,book-one/paradise.pdf,42: Preserve alternate version 6 PDF bytes,planned; reconstructed partial snapshot
06-development-notes/v6-chapter-and-clue-outline-2026-09-24.md,eb5eee87a3c8f1da1506f5706209d83c112c15b1b3ce3cf93318d0dbffdf73fd,5ecf5d472416110e0a0befe8fe1edb4a588bbeeb,development/chapter-and-clue-outline.md,43: Import completed version 6 planning records (1/2),planned; reconstructed partial snapshot
06-development-notes/v6-contact-strategy-2026-09-24.md,0a03a11f5eb8c7f2be7e7a1ef3d6074d73b43eb0caf163ba91ce38220858de81,766d6671ed83ad4a292cd1fe678356fdb48e7483,development/contact-strategy.md,43: Import completed version 6 planning records (1/2),planned; reconstructed partial snapshot
06-development-notes/v6-daniels-letter-2026-09-23.md,17955faa5cb6d1b1930c60a8ffef66ea69a7c675a704872b495a51eb91ca630e,2583b23da00e6813732e67d8af25bcbfd141f760,development/daniels-letter.md,43: Import completed version 6 planning records (1/2),planned; reconstructed partial snapshot
06-development-notes/v6-development-path-2026-09-23.md,5cd191c3d438db56d313b81e51174f469773427d7460eb33f812a1c8612bf50d,210a7cf431ecb0ac51aa6727511088a05cd04b5d,development/development-path.md,43: Import completed version 6 planning records (1/2),planned; reconstructed partial snapshot
06-development-notes/v6-external-review-assessment-2026-09-24.md,a310914c6a75de8acbba6e6948b0dc1a0d833c569b800f47b12edcc79dfc9e7d,76ac36e276ab4c8b190848e8a8c3037ded1ee190,development/external-review-assessment.md,43: Import completed version 6 planning records (1/2),planned; reconstructed partial snapshot
06-development-notes/v6-readiness-assessment-2026-09-23.md,7e9991607c7093b453fe2687b0c6f264b98d71fe089b31ca0e4d391d538da1be,ca2c6af0a4477c632b9ec12f0c0b040fe952a51e,development/readiness-assessment.md,43: Import completed version 6 planning records (1/2),planned; reconstructed partial snapshot
06-development-notes/v6-todo.md,bd797ff166ce26f3487a8a02cc83c485cb58a4f5b32460b0240c4d22c90c6b93,d760fa34914ef883c0f1595dad88210b9a63099b,development/todo.md,43: Import completed version 6 planning records (1/2),planned; reconstructed partial snapshot
04-characters/v6-character-profiles-2026-09-23.md,b3a64c0a821747c8291ec839d63ab8da7fc858323a6673c01ad6ae705c771995,383b17a3fae3c5a35f1ad74950bede508f2331ec,development/character-profiles.md,44: Import completed version 6 planning records (2/2),planned; reconstructed partial snapshot
99-archive/2026-09-session-notes/v6-planning-source-2026-09-23.md,df68ff243ba9998e5f1ba4d36808f1fefc80ab46e9a8b6cd5cd1bb69480e4713,9b37d1768d50b64282d18adcdbf1130a231917f2,development/sources/v6-planning-source.md,44: Import completed version 6 planning records (2/2),planned; reconstructed partial snapshot
99-archive/pre-v7-planning-reference/01-bible/bible.md,f643d3ca24008df84a9787613ba536ac5b4c9d62748614f262c1dd0238fad892,6aab20a212990fe628d782a73b2e4865eeeda0da,reference/bible.md,45: Recover references before version 7 planning,planned; reconstructed partial snapshot
99-archive/pre-v7-planning-reference/06-development-notes/README.md,f38a7c7d48c36f5b4c725682eefca26b5f0ed607ec99bd9234d45012ef3ed362,c42d0be0bb1f4bce59646f69a1c4e22e7d3e4f39,development/index.md,45: Recover references before version 7 planning,planned; reconstructed partial snapshot
99-archive/pre-v7-planning-reference/README.md,6ecdc3cd932b71fc43cfdddced13324760569e9aa4b75d0c65b7b75c6a77e3bd,d8eeb0f33557f81d6fbd5435bd317e44b5a1a252,development/package-readme.md,45: Recover references before version 7 planning,planned; reconstructed partial snapshot
99-archive/pre-v7-vessel-reference/01-bible/bible.md,b3c17e00db626622e1c4a8d090e5619297ae49ab701759b7209bbb065dea1463,effacdbf1a9bed91d5aacb23f10232f0c58af10b,reference/bible.md,46: Recover references before version 7 Vessel changes (1/2),planned; reconstructed partial snapshot
99-archive/pre-v7-vessel-reference/04-characters/character-sheets.md,6ea78e3cbdda15c96524c7123f4c2e672b4f1082e4a148b05ca688928a07b698,5fa4eda8234eaca54e911f1b00e74ed87c3c166b,reference/characters.md,46: Recover references before version 7 Vessel changes (1/2),planned; reconstructed partial snapshot
99-archive/pre-v7-vessel-reference/06-development-notes/README.md,1fd92a9ea8b3e1b82c2dd95c0a63a297aad0a04e22a2e175d6f1e6df3211b58a,7b2655ba77ce5901d70bb08c81bcc51516ce1e3c,development/index.md,46: Recover references before version 7 Vessel changes (1/2),planned; reconstructed partial snapshot
99-archive/pre-v7-vessel-reference/06-development-notes/current-plot-summary-books-one-and-two.md,f8e9a1f9cbdee483ca015133b67b59db9a33e2be07c973eca9cbadc7ab04f1fc,6b97ceb4980bebb967ec47b9cf9947e85ab187a0,reference/synopsis.md,46: Recover references before version 7 Vessel changes (1/2),planned; reconstructed partial snapshot
99-archive/pre-v7-vessel-reference/06-development-notes/v7-philosophy-and-mythology-2026-09-24.md,90c1e0de5800736a2ba02b8f44d4238f1d5ee6b224cca178078f8074a51da387,06878e27a064ffd70dd2ecc910d9a9de2069f57c,development/philosophy-and-mythology.md,46: Recover references before version 7 Vessel changes (1/2),planned; reconstructed partial snapshot
99-archive/pre-v7-vessel-reference/06-development-notes/v7-revision-checklist-2026-09-24.md,575718aff93c939c1bb2a005d57e37e76aab13470df52f5abc748fae00fcb8f1,dc59bc31a6d666951307baab7c6a66a48ea467a8,development/revision-checklist.md,46: Recover references before version 7 Vessel changes (1/2),planned; reconstructed partial snapshot
99-archive/pre-v7-vessel-reference/08-production/README.md,d772199736e43668c815f09fdd8671e8a8d60909d4720434b830b6a99ea30538,7748b657eaf03c1ee2ca1c24af237451c1310bc5,production/README.md,46: Recover references before version 7 Vessel changes (1/2),planned; reconstructed partial snapshot
99-archive/pre-v7-vessel-reference/README.md,08550bdfcba0d92b8430b3304ded4c4bec490592f72e9c311236e7152e87a3ea,5fa148da0aec5dc7c7603eed61a9a56c45fd0948,development/package-readme.md,47: Recover references before version 7 Vessel changes (2/2),planned; reconstructed partial snapshot
02-book-one/book-one-paradise-v7-working.md,488c06b7caef56825e22ed88e3373158afe9b710cfb4bf44ec6d38d3e97662a3,b89384a3b7b705c2fedb19f61c3bfb0386e7fc0e,book-one/paradise.md,48: Import Book I version 7 working manuscript,planned; reconstructed partial snapshot
08-production/v7-working-validation.json,8d2fc02f685945c89eefa77099d4268696499aa2c2b09f108bdada99c0dd1242,f032b1d9ddd267e502eb9dce823fbaf16ee92466,production/v7-working-validation.json,48: Import Book I version 7 working manuscript,planned; reconstructed partial snapshot
08-production/v6-to-v7-working.diff,e294309e2cd347104205c75337d21d31cd3020bc398a0c0ba1057c54823e5e9a,8cd2838bf6338a669b9e8762428715069717487e,production/v6-to-v7-working.diff,48: Import Book I version 7 working manuscript,planned; reconstructed partial snapshot
99-archive/2026-09-session-notes/v7-vessel-author-directions-2026-09-24.md,567e601b392629124f43a0fdf155fd710f4e9476b8cd2ca8c686eacb34bacd39,c2e04c80932b4c9fa1bf01c4e27a695663b56799,development/sources/v7-vessel-author-directions.md,48: Import Book I version 7 working manuscript,planned; reconstructed partial snapshot
99-archive/pre-philosophy-scene-map-reference/01-bible/bible.md,30cede263ab56d94a7aee59ee3803a1cd0aaee7daa6da7ddc8bd95344eed21d0,72012c7e2587393ec56d1cac099f6dfe483a19b4,reference/bible.md,49: Recover references before philosophy scene map (1/2),planned; reconstructed partial snapshot
99-archive/pre-philosophy-scene-map-reference/04-characters/character-sheets.md,a82bc38023be959f92f79bccf0e5ea790aa4ae54b07efe497af811ea05249a50,917798137c995229a32c6abfa01d7f4985405130,reference/characters.md,49: Recover references before philosophy scene map (1/2),planned; reconstructed partial snapshot
99-archive/pre-philosophy-scene-map-reference/06-development-notes/README.md,23bb5dc7f873a1ba8b8d500c0f0e93cde0afb88ae3750c78897c89e8a3820143,a6e690a528c2bee40b51b2204f082b16ed569f42,development/index.md,49: Recover references before philosophy scene map (1/2),planned; reconstructed partial snapshot
99-archive/pre-philosophy-scene-map-reference/06-development-notes/current-plot-summary-books-one-and-two.md,b9439b53207ec7521a8b25ba91db847dbcaf76bf8a186ef368d86f70b4076324,bcfaa5550b155056f20b4d34fe0446d44a6a1553,reference/synopsis.md,49: Recover references before philosophy scene map (1/2),planned; reconstructed partial snapshot
99-archive/pre-philosophy-scene-map-reference/06-development-notes/v7-philosophy-and-mythology-2026-09-24.md,b511460f971e53a1588c908ac5f626894dc1f275bba784c0dc8461074e05228d,7994f583271e03c035f2ec4426b540ffd56698f3,development/philosophy-and-mythology.md,49: Recover references before philosophy scene map (1/2),planned; reconstructed partial snapshot
99-archive/pre-philosophy-scene-map-reference/06-development-notes/v7-revision-checklist-2026-09-24.md,7a39d762cd9b9473fe23a1a1d0453d0901379a2d3ab7480f19149418c189c3e8,6bfd486b4656c4beff8166b820d70ff14f4fa976,development/revision-checklist.md,49: Recover references before philosophy scene map (1/2),planned; reconstructed partial snapshot
99-archive/pre-philosophy-scene-map-reference/06-development-notes/v7-vessel-and-trilogy-philosophy-2026-09-24.md,ca91851d84c0747634fbacf3375115d4928304f9805b9c1c8b68d8d3b3ef8cf7,1a7bc0e73c12f3391406b634d47e01b70b1cb901,development/vessel-and-trilogy-philosophy.md,49: Recover references before philosophy scene map (1/2),planned; reconstructed partial snapshot
99-archive/pre-philosophy-scene-map-reference/README.md,1dd3cb4075e06319babb98e88f762635c3eda66ae197ae76e7727f4b4a05f81b,04812ee6885685cfe96c0f790ea649e74a4f272d,development/package-readme.md,50: Recover references before philosophy scene map (2/2),planned; reconstructed partial snapshot
99-archive/pre-seeding-proposal-reference/01-bible/bible.md,0021e343fafc06a1b5b3a66f7a31d7dc075c158b685e675c45766a8fe0e71a2f,d0d868ee6a4287ae7808441c7565105633c9b736,reference/bible.md,51: Recover references before seeding proposal,planned; reconstructed partial snapshot
99-archive/pre-seeding-proposal-reference/06-development-notes/README.md,610d949e3e6d5bf3b10c218779d1fcc3dc7ff453d92b0ee65b888c9ec8ed66be,5eab7758c5e04b6f21913548c999067c50ecc31b,development/index.md,51: Recover references before seeding proposal,planned; reconstructed partial snapshot
99-archive/pre-seeding-proposal-reference/06-development-notes/philosophy-scene-map-and-progress-2026-09-24.md,64818bf3c65cae7c34992b03b3a09242a3781ccbe897f1902abd78fc27897f6b,9d1651249f98a0763a3291416889879af169e57e,development/philosophy-scene-map-and-progress.md,51: Recover references before seeding proposal,planned; reconstructed partial snapshot
99-archive/pre-seeding-proposal-reference/06-development-notes/v7-revision-checklist-2026-09-24.md,78dc025947ecb38b8fb1c3bae9d48fdda3791f8553b46ddf104f5a584761fc2c,9a89b3a9076ba96010655a253153a2c31b4bdab1,development/revision-checklist.md,51: Recover references before seeding proposal,planned; reconstructed partial snapshot
99-archive/pre-seeding-proposal-reference/README.md,5990d6b375dc3bb52371663cdd42d6285d723822eef8c5b6da39a4308f5138f4,d47f072716983c4a37068f76de48bd003e821361,development/package-readme.md,51: Recover references before seeding proposal,planned; reconstructed partial snapshot
99-archive/pre-consciousness-framework-reference/01-bible/bible.md,294b740f2f648d3793ec993249404fe6a64c598fd4f11c17ac69ff2b84662401,c2b44c38253f55dc01c1ae04f869406793baa755,reference/bible.md,52: Recover references before consciousness framework,planned; reconstructed partial snapshot
99-archive/pre-consciousness-framework-reference/06-development-notes/README.md,ef6784a14ad98ea644450543da9a67c19f9935baaf4c8a672707bf11b213980c,8f2182f15b9e06b7191e84408bbc044bac4606be,development/index.md,52: Recover references before consciousness framework,planned; reconstructed partial snapshot
99-archive/pre-consciousness-framework-reference/06-development-notes/book-three-seeding-and-successor-arks-2026-09-24.md,4b8a091f45837af9da9debcf9d9e5da8eacbb8e4035092a2953abb5b3d85746f,c78e451fa5b595bb9034e5a2da53f461e916d99b,development/book-three-seeding-and-successor-arks.md,52: Recover references before consciousness framework,planned; reconstructed partial snapshot
99-archive/pre-consciousness-framework-reference/06-development-notes/v7-revision-checklist-2026-09-24.md,4f2bf6576ce6b40182bda48114146b75f0a347732620bbee2f26869b1dd39ad5,3d7fa8ba059185c5b0393ea5d93071586c2d2dd6,development/revision-checklist.md,52: Recover references before consciousness framework,planned; reconstructed partial snapshot
99-archive/pre-consciousness-framework-reference/README.md,0aa8bcba47160e53cee2c98eb4c8f24642874b488562dcd9eca3ad67c5cc8283,66216816625e936ba018346ce8c8e0e22d48a4e8,development/package-readme.md,52: Recover references before consciousness framework,planned; reconstructed partial snapshot
99-archive/pre-zip-consolidation-reference/README.md,9aadd9343d9688fcf54f1a7d8fda31e20cc3aeccb5cb95b473f7ef3110a832e5,ef3026c950548f561cdb76bb554afd918a513272,development/package-readme.md,53: Recover references before zip consolidation,planned; reconstructed partial snapshot
99-archive/pre-nonhuman-ark-proposal-reference/01-bible/bible.md,cf720e002adacd392da8f230fbe6c3f3f46de6fcb6c9fd389bccc9dcaeecf9dc,41277516faf0f4b90f7f2636a637b59828c3b75d,reference/bible.md,54: Recover references before nonhuman ark proposal,planned; reconstructed partial snapshot
99-archive/pre-nonhuman-ark-proposal-reference/06-development-notes/v7-revision-checklist-2026-09-24.md,4e8636a2480e441136eb61911a0766e08ce75164664aa68d6ce8908bad85efe1,eca6630c90ed8883e15ad124d4188de47ffc2c50,development/revision-checklist.md,54: Recover references before nonhuman ark proposal,planned; reconstructed partial snapshot
99-archive/pre-nonhuman-ark-proposal-reference/08-production/package-source-coverage-2026-09-24.csv,b51ac68b01f051c8698d67708e41ede6862ccf7b2dbdde5f0b3977ab3b284b63,a255effecd35e05eb49cea693b9f4c6eab499bea,production/package-source-coverage-2026-09-24.csv,54: Recover references before nonhuman ark proposal,planned; reconstructed partial snapshot
99-archive/pre-nonhuman-ark-proposal-reference/CONTENTS.md,0a6fb23c7e8469fbb5646b93d225723e8cd36c957670d2c5cf5cb40d734b0a78,5981aa66e4e8e7362ce5f404308aa2a6a0c88cf1,development/package-contents.md,54: Recover references before nonhuman ark proposal,planned; reconstructed partial snapshot
99-archive/pre-nonhuman-ark-proposal-reference/START-HERE.md,13823a67273ab347f97109ac3c49118c1b406555d63de1d5cdf1206f9921265c,8f49b0dae44f4a63cc8c4dc4cd11a5d3ed252352,development/package-start.md,54: Recover references before nonhuman ark proposal,planned; reconstructed partial snapshot
99-archive/pre-book-three-convergence-reference/01-bible/bible.md,90f9c82e13a3ee16095953ee703d5257bda7fb8ddaf0682e5fde6a7573fb0c35,f4c987facf8892337a76a0697c63c8f39bc5968e,reference/bible.md,55: Recover references before book three convergence (1/2),planned; reconstructed partial snapshot
99-archive/pre-book-three-convergence-reference/04-characters/character-sheets.md,15e94c956df1fbceb049d9e79433a67de204e6e448bd1c3f674ca047824c4a9f,d986237376282d9afdcb9432e99e64db57ca0b69,reference/characters.md,55: Recover references before book three convergence (1/2),planned; reconstructed partial snapshot
99-archive/pre-book-three-convergence-reference/06-development-notes/README.md,ea7adc88f31e1720b254514a23d120c1c66bbf56390550d4629dbce4f3683267,e9ee5a04635b797a5a7ca1711219a88b4d788921,development/index.md,55: Recover references before book three convergence (1/2),planned; reconstructed partial snapshot
99-archive/pre-book-three-convergence-reference/06-development-notes/consciousness-preservation-and-renewal-2026-09-24.md,9e132a340e0df7c22bc45fb82cfa084692999e121e4399ed1b4dc5cba6e307be,458bdd32e69d1cfcf66e25c0326b9df5b64831af,development/consciousness-preservation-and-renewal.md,55: Recover references before book three convergence (1/2),planned; reconstructed partial snapshot
99-archive/pre-book-three-convergence-reference/06-development-notes/nonhuman-ark-and-accidental-lineage-2026-09-24.md,3b158b3f148bc3e3f968ed330e327068efa3e16280e4378b45f0a99b050f833d,3922c66121d439f310d60a6436483be3eecc1692,development/nonhuman-ark-and-accidental-lineage.md,55: Recover references before book three convergence (1/2),planned; reconstructed partial snapshot
99-archive/pre-book-three-convergence-reference/06-development-notes/trilogy-progression-and-current-direction-2026-09-24.md,4dd144b7825dd7d1f42b2a19acc973a1d8afd7222453873902638205312b6466,2b327086fcfce040353792f850264828094a719f,development/trilogy-progression-and-current-direction.md,55: Recover references before book three convergence (1/2),planned; reconstructed partial snapshot
99-archive/pre-book-three-convergence-reference/06-development-notes/v7-revision-checklist-2026-09-24.md,ab9ffc5e9a4e6b23e4ac962207d3160a5381581c5f20c9cd999f9bb5b20c54e2,298b9e14cbd03bb5037551c66e3dd69f111d9230,development/revision-checklist.md,55: Recover references before book three convergence (1/2),planned; reconstructed partial snapshot
99-archive/pre-book-three-convergence-reference/08-production/package-source-coverage-2026-09-24.csv,c1b234c10798bee3dac7325a3cbcb6a2c290a581a472b303dd62bc5c2a3e747d,39ef6732e6c23cace0dea9caa822182a12cd500c,production/package-source-coverage-2026-09-24.csv,56: Recover references before book three convergence (2/2),planned; reconstructed partial snapshot
99-archive/pre-book-three-convergence-reference/CONTENTS.md,b408c5c4cefd1232114ed8dd0cd1e3d8a3997e921f7ffceeb3b41d01d7d8fe88,b841e3a9a5f3f4c7007cd71259cc74ec83eeb180,development/package-contents.md,56: Recover references before book three convergence (2/2),planned; reconstructed partial snapshot
99-archive/pre-book-three-convergence-reference/README.md,361981eb3825838ff54a7e6c903bcca150fea0266440d3c65e3f4ee69c5337ca,da7e0d7f7d530dfa2bc1b4bc677cf3feadbe34ac,development/package-readme.md,56: Recover references before book three convergence (2/2),planned; reconstructed partial snapshot
99-archive/pre-book-three-convergence-reference/START-HERE.md,afa843c2019580138278005460f52f09fe97b6594019901171550da561b072e0,783c665f67ce7ac73f05d1d2cffd760a6d90933c,development/package-start.md,56: Recover references before book three convergence (2/2),planned; reconstructed partial snapshot
99-archive/pre-book-three-adaptation-reference/01-bible/bible.md,9560d182fbbfca57804db714a193a9dd280766bd37f45a5041dc2afa3582c4ac,be84d3531bc5c5874d5957095e32156991b51d42,reference/bible.md,57: Recover references before book three adaptation (1/2),planned; reconstructed partial snapshot
99-archive/pre-book-three-adaptation-reference/04-characters/character-sheets.md,5c30cd724a52f7177874a68c7a083eb477a1608ed9f8c9009938f795482c3610,17a131de5f2dc03285111d1ec2bf1a4e6551c524,reference/characters.md,57: Recover references before book three adaptation (1/2),planned; reconstructed partial snapshot
99-archive/pre-book-three-adaptation-reference/06-development-notes/README.md,fa6ae407cd31f14daaad766b40017fa8893f62c1a710b29ea802749828cb3f50,0fb396b4360f72a92854b3b94ad9134ca4fef1fa,development/index.md,57: Recover references before book three adaptation (1/2),planned; reconstructed partial snapshot
99-archive/pre-book-three-adaptation-reference/06-development-notes/book-three-convergence-and-final-door-2026-09-24.md,d42c938ba0b8817445b8de955517aaae6fe11219ab25b9967be2b5a814e3e553,150617d40fc9bed0cdffc50a1acff6635b9444f2,development/book-three-convergence-and-final-door.md,57: Recover references before book three adaptation (1/2),planned; reconstructed partial snapshot
99-archive/pre-book-three-adaptation-reference/06-development-notes/trilogy-progression-and-current-direction-2026-09-24.md,287c59d92c6ba8727e5ca54265a2f22d9bf7baad56640ed3fca1cfb075a7092f,6a0b097ab87394760b745ca0415234ae67dbeb7e,development/trilogy-progression-and-current-direction.md,57: Recover references before book three adaptation (1/2),planned; reconstructed partial snapshot
99-archive/pre-book-three-adaptation-reference/06-development-notes/v7-revision-checklist-2026-09-24.md,9e038344e7a45f906cd9e500b37d0e8cfd1b8a26564b8a4ac76d9b57d4faec91,2f14789b8c84dc4b34fc57cdc1bb22a3d2536a25,development/revision-checklist.md,57: Recover references before book three adaptation (1/2),planned; reconstructed partial snapshot
99-archive/pre-book-three-adaptation-reference/08-production/package-source-coverage-2026-09-24.csv,7fab5528fd8213cb2a52277461c409e8f9c0294ba15ea3099bfa45a9aca87283,24dc41968d015b6ffd0914530afbac59e79fe8d2,production/package-source-coverage-2026-09-24.csv,57: Recover references before book three adaptation (1/2),planned; reconstructed partial snapshot
99-archive/pre-book-three-adaptation-reference/CONTENTS.md,55882e5f1a34faff31246baa86f372e9c6ad43e50e6a9ebbe18bbad7342fa5dc,6ff2102d23bc634086e9feafd993cacc1f80a34e,development/package-contents.md,58: Recover references before book three adaptation (2/2),planned; reconstructed partial snapshot
99-archive/pre-book-three-adaptation-reference/README.md,41cf3c0ca9f46d62004e5cd8f1c6f6d29b15af8e929d13324e795993434ca7ba,a39f343d2fef0469af17c4211eede4a01043444c,development/package-readme.md,58: Recover references before book three adaptation (2/2),planned; reconstructed partial snapshot
99-archive/pre-book-three-adaptation-reference/START-HERE.md,7775508950c776eb37d9939c16680a9296b50f220f33d1f5b202b2549418f6c3,040cddf125b1d5d60ccd20573c8fc41c3d826313,development/package-start.md,58: Recover references before book three adaptation (2/2),planned; reconstructed partial snapshot
99-archive/pre-fermi-luca-reference/01-bible/bible.md,38565de037bc362af54698bb8552363891e024787ec8c7bf7bbf7950d0956dd5,964d31dbb6ecb692a4818a05644b45065b79198d,reference/bible.md,59: Recover references before fermi luca,planned; reconstructed partial snapshot
99-archive/pre-fermi-luca-reference/06-development-notes/README.md,7a8bee6a94abddacef89f37ac7cbeb551017f2eacb648a89e1159aef468d3e51,1eba79d4f1319ab30d3c2dd4463b5c5fc0909bfe,development/index.md,59: Recover references before fermi luca,planned; reconstructed partial snapshot
99-archive/pre-fermi-luca-reference/06-development-notes/v7-revision-checklist-2026-09-24.md,7dd48d3c9c3a4c8b98827c571d47ffa08164c915058f0291314475e26651daee,892b80db1b5fa55d7de5b7d55511e2f9a2127097,development/revision-checklist.md,59: Recover references before fermi luca,planned; reconstructed partial snapshot
99-archive/pre-fermi-luca-reference/08-production/package-source-coverage-2026-09-24.csv,7fab5528fd8213cb2a52277461c409e8f9c0294ba15ea3099bfa45a9aca87283,24dc41968d015b6ffd0914530afbac59e79fe8d2,production/package-source-coverage-2026-09-24.csv,59: Recover references before fermi luca,planned; reconstructed partial snapshot
99-archive/pre-fermi-luca-reference/CONTENTS.md,a6980bbd3c58a5f35f9e4a8dcfff1f3f9620b8cc3ac45ec9eb3f59cc0210f76a,eb18699a8a5445104f1cfccef142c97ff632dee9,development/package-contents.md,59: Recover references before fermi luca,planned; reconstructed partial snapshot
99-archive/pre-fermi-luca-reference/README.md,53a8eb85b9a15fff832890c363a1a404f9442591398324e69c560aa998e7edfa,d0c6a488b36b46956b8604d16308ccc81f909b1e,development/package-readme.md,59: Recover references before fermi luca,planned; reconstructed partial snapshot
99-archive/pre-fermi-luca-reference/START-HERE.md,a511e480fb9ca14e2782bcf49cbb2e5d40be8461a50849ddf6b4edb46335ca64,22400fc735d0c3ef5378ae7b07a6285ac22055f6,development/package-start.md,59: Recover references before fermi luca,planned; reconstructed partial snapshot
99-archive/pre-consciousness-diversity-reference/01-bible/bible.md,ac77664782a373400a6fec1e1e8ef7d2ba1a1771b964e0f047f93ca614d943b4,6c37ca81857fbe065a0d670234162f06b08e96a4,reference/bible.md,60: Recover references before consciousness diversity (1/2),planned; reconstructed partial snapshot
99-archive/pre-consciousness-diversity-reference/04-characters/character-sheets.md,15a3ca274edac3dfad41e854a31a7bc96ed7f7134f8bc6ce800ca61b20bdce4c,8f8b172c00874da6e1ab99a3bd84e67dac1422cd,reference/characters.md,60: Recover references before consciousness diversity (1/2),planned; reconstructed partial snapshot
99-archive/pre-consciousness-diversity-reference/06-development-notes/README.md,ccd7e74b832a0d135e35e05c4336c57d935e09516ea5ae7065d4703c21e11b52,b9461ff403d17a14f8f87c7aff89e9a898e51144,development/index.md,60: Recover references before consciousness diversity (1/2),planned; reconstructed partial snapshot
99-archive/pre-consciousness-diversity-reference/06-development-notes/fermi-luca-and-ancestral-seeding-review-2026-09-24.md,c8be8d44e7c906f0968aac378454624e9fe464be77cad42386185cc0c37513d8,648b910cc3441b90879ded31a7dcac4c89843b7c,development/fermi-luca-and-ancestral-seeding-review.md,60: Recover references before consciousness diversity (1/2),planned; reconstructed partial snapshot
99-archive/pre-consciousness-diversity-reference/06-development-notes/v7-revision-checklist-2026-09-24.md,c0dce749f785f5b39ff5a72b824f6e202b2845a6e53b906de502fdc1efa09e0c,0c3b3dab3af90bf8b884f14baff299cfa1b2aeda,development/revision-checklist.md,60: Recover references before consciousness diversity (1/2),planned; reconstructed partial snapshot
99-archive/pre-consciousness-diversity-reference/08-production/package-source-coverage-2026-09-24.csv,7fab5528fd8213cb2a52277461c409e8f9c0294ba15ea3099bfa45a9aca87283,24dc41968d015b6ffd0914530afbac59e79fe8d2,production/package-source-coverage-2026-09-24.csv,60: Recover references before consciousness diversity (1/2),planned; reconstructed partial snapshot
99-archive/pre-consciousness-diversity-reference/CONTENTS.md,52363fabe06470ab30c386046deb81b028358e69dffda4c45a87ff22b717de6a,562ea92d5af7d833a9dfc94c6ec77057202724d2,development/package-contents.md,60: Recover references before consciousness diversity (1/2),planned; reconstructed partial snapshot
99-archive/pre-consciousness-diversity-reference/README.md,64b6edee41f723bd06ad9e7df8ef03c9bd647c729583f1d190c37b74605092a8,c05c806830546c5de2c027e2b1b66d90eecde487,development/package-readme.md,61: Recover references before consciousness diversity (2/2),planned; reconstructed partial snapshot
99-archive/pre-consciousness-diversity-reference/START-HERE.md,1b7f03590c8ba76bbcc6982ea31d8997b687fc0ff8cc88572f73f7a6bd1a5c96,6e2b65a234facd546816e20ddbb6017330c8c48a,development/package-start.md,61: Recover references before consciousness diversity (2/2),planned; reconstructed partial snapshot
99-archive/2026-09-session-notes/book-three-adaptation-author-and-feedback-2026-09-24.md,30701660784cfe918e8277d6256247b76c4823a2aafaea2713161429200fd45f,72fb80f258435092a6616dc83447f523ca0c6747,development/sources/book-three-adaptation-author-and-feedback.md,62: Preserve remaining historical source discussions (1/2),planned; reconstructed partial snapshot
99-archive/2026-09-session-notes/book-three-convergence-author-direction-2026-09-24.md,1402b38ed237e5be0e665495d6f4bdc5201a6dea8c91e23bfc9df5c26b509d4d,c6daa272e3e03e08a39e84ac01ec2e20bf42571a,development/sources/book-three-convergence-author-direction.md,62: Preserve remaining historical source discussions (1/2),planned; reconstructed partial snapshot
99-archive/2026-09-session-notes/consciousness-cycle-author-clarification-2026-09-24.md,75881a26070515eeadb8870084d561dafef24c67555be97b1dbf78ab4309e188,f8fd031c1f2bf4ddd812d323f7a2e8308edfb507,development/sources/consciousness-cycle-author-clarification.md,62: Preserve remaining historical source discussions (1/2),planned; reconstructed partial snapshot
99-archive/2026-09-session-notes/consciousness-diversity-author-direction-2026-09-24.md,bcd691ae8f515da1dc9c026888b010c127e7e1a85897170d1fdd9e97b9544833,c30b9f93bd650521aac23022f4961e0bc7e9a7c2,development/sources/consciousness-diversity-author-direction.md,62: Preserve remaining historical source discussions (1/2),planned; reconstructed partial snapshot
99-archive/2026-09-session-notes/fermi-luca-feedback-2026-09-24.md,fd768630945388b146c061dbfa608fac32453baed1792ef44d3cabdc7c60b4b4,1821b4d8411329b2b6686df395406565801a22cb,development/sources/fermi-luca-feedback.md,62: Preserve remaining historical source discussions (1/2),planned; reconstructed partial snapshot
99-archive/2026-09-session-notes/nonhuman-ark-author-proposal-2026-09-24.md,13c193e35249a6b4bd3bafc280ad1ca759af50ecc25abc083454581458e10525,3023dc95dab3aa4fe88c429f0cfd1888b1a1773b,development/sources/nonhuman-ark-author-proposal.md,62: Preserve remaining historical source discussions (1/2),planned; reconstructed partial snapshot
99-archive/2026-09-session-notes/philosophy-scene-map-author-request-2026-09-24.md,66811d9d8c0fbb8f2bc4ef3c082584ccd0c0bda4189b0db185048021f822c27c,c2834de44449ca94ae970e20744f6f14929046b6,development/sources/philosophy-scene-map-author-request.md,62: Preserve remaining historical source discussions (1/2),planned; reconstructed partial snapshot
99-archive/2026-09-session-notes/seeding-and-successor-arks-author-messages-2026-09-24.md,62ee8a15290a64cc563e2e20942a4daf02d7997b6d3831d8ce1974ed74ca4752,53454be38e9990822157b6751735abba9e0ee876,development/sources/seeding-and-successor-arks-author-messages.md,63: Preserve remaining historical source discussions (2/2),planned; reconstructed partial snapshot
99-archive/2026-09-session-notes/zip-consolidation-author-direction-2026-09-24.md,5ef3734b62c51cb3cab12354389567348bd48eb9e5c1bdc0259351817b7c9281,ebb3ffed17a9de3ed2338c01a502734b7d8f19c0,development/sources/zip-consolidation-author-direction.md,63: Preserve remaining historical source discussions (2/2),planned; reconstructed partial snapshot
99-archive/RECOVERED-MATERIAL-README.md,5b273a1057547772bae3fb0175571e44419bbf9a69e9b17a471d42008fb2bd76,8acdc68995c296a960d51065ccdd4b1526ac2998,development/recovery-readme.md,63: Preserve remaining historical source discussions (2/2),planned; reconstructed partial snapshot
07-scene-workshop/book1-additions-per-chapter-2026-09-22.md,ad15b5e45b17a0cde7f54a48b60bfc44fcd2e5609bbc0ed6edb780c4a976f429,872b0b24a56801c35306d7a8d0a4a9cddf49d81b,workshop/book1-additions-per-chapter-2026-09-22.md,64: Preserve earlier reviews and workshop source files (1/2),planned; reconstructed partial snapshot
07-scene-workshop/paranoia-scenes-v1.md,3dbc9148c5bca8d6d6dd9fd4e87e8af03686ac601e69d9141df0c60b29aa9949,55dd007629ef8db45aae8a3d6c33375d72b22222,workshop/paranoia-scenes-v1.md,64: Preserve earlier reviews and workshop source files (1/2),planned; reconstructed partial snapshot
07-scene-workshop/structure-and-motifs-2026-09-22.md,519d0d48b5ac6bf1804ce4f86e1237c62be6c403266c8eda6679443efb7b0f82,327a44327141a112584036e4fdeae0fcd0581cc2,workshop/structure-and-motifs-2026-09-22.md,64: Preserve earlier reviews and workshop source files (1/2),planned; reconstructed partial snapshot
06-development-notes/author-clarifications-2026-09-22.md,3c6a09ab0eac7047a14fca37d88d4a9fbb0d6c0f72f90490e934e5af4ca993ca,dd49a8a163c2b7a3b5f42808c4bbf75e5b363f69,development/author-clarifications.md,64: Preserve earlier reviews and workshop source files (1/2),planned; reconstructed partial snapshot
06-development-notes/book-one-paradise-v3-review-2026-09-23.md,0563ae8301dc618739d14dcd423118b51e2c70a58f5a1c58c1aa50ba420e0e0b,6aba1e5cf57658412c414c2f8041893cdd0ea00d,development/book-one-paradise-v3-review.md,64: Preserve earlier reviews and workshop source files (1/2),planned; reconstructed partial snapshot
06-development-notes/draft-1-editorial-review.md,4af020e29ec182ce83b94a7bd01ec6500399a1cd1703c0e93c731bb6284488ed,e854a12d29cc8a3fb508aaac4323f53a445e6573,development/draft-1-editorial-review.md,64: Preserve earlier reviews and workshop source files (1/2),planned; reconstructed partial snapshot
06-development-notes/plot-clarifications-and-mystery-boundaries-2026-09-22.md,5385ec4c8a9a0c3007a3476e28940c3aa09b94a754e11451e52891f9bc5b79de,33a8b7c503d7f799986803fe59620fbb315008df,development/plot-clarifications-and-mystery-boundaries.md,64: Preserve earlier reviews and workshop source files (1/2),planned; reconstructed partial snapshot
06-development-notes/post-v4-author-notes-2026-09-23.md,0f51988a48e6173c4f5868260fa72742ec679d49ef79548fb009fef3c1d79afc,d69f68d3d9f313f82df9c45dd1106009e9c5560d,development/post-v4-author-notes.md,65: Preserve earlier reviews and workshop source files (2/2),planned; reconstructed partial snapshot
06-development-notes/provisional-design-notes-longevity-reality-ark.md,b9f539fec11bed8637671c0be1fa5a292d956d738d23420b8e6df3b5ef098092,a6b924c684a21994185c5b8ffcb86150c24ce2a2,development/provisional-design-notes-longevity-reality-ark.md,65: Preserve earlier reviews and workshop source files (2/2),planned; reconstructed partial snapshot
06-development-notes/review-and-open-items-2026-09-22.md,e38883a960b5c9433d5644e62fab7ec71d6a7dd13f8b2653c9dee24762ba7e66,cb0dad0c747cf82e70dc57e6d53e022c9ff9af57,development/review-and-open-items.md,65: Preserve earlier reviews and workshop source files (2/2),planned; reconstructed partial snapshot
06-development-notes/README.md,92603f918cd3e04066e8475d4d89f5c1b0033269e730d27fa66ef55f7f962bf3,df6ffc52188010e906cd8a96887bb8b30aa99c0e,development/index.md,66: Import current version 7 supporting decisions (1/3),planned; reconstructed partial snapshot
06-development-notes/book-three-adaptation-candidate-outline-2026-09-24.md,c54fa5f7b63148d096bfc40f36f096aa915e265a6e88daa77f396e818fec5047,b4568c6b93d06363328f5bd27ac056f02f8b455e,development/book-three-adaptation-candidate-outline.md,66: Import current version 7 supporting decisions (1/3),planned; reconstructed partial snapshot
06-development-notes/book-three-adaptation-emergency-and-feedback-2026-09-24.md,9ddf291d3700a52f9b5c64575c7b8443fe7ca0436c12308387826379873f7820,3af6ec5811495abad43e33ec92d44ec9637eb118,development/book-three-adaptation-emergency-and-feedback.md,66: Import current version 7 supporting decisions (1/3),planned; reconstructed partial snapshot
06-development-notes/book-three-adaptation-science-notes-2026-09-24.md,4a6f806f35cf53d4ec4853b670585a23e749b3acc455ea517d5edd3983d95cb9,fdff0bba37f23375eeb13cbf3062d46ac24e6560,development/book-three-adaptation-science-notes.md,66: Import current version 7 supporting decisions (1/3),planned; reconstructed partial snapshot
06-development-notes/book-three-convergence-and-final-door-2026-09-24.md,434d556fcb5c4f01a4814af773eebaa93535f495ed3a5dc81b5f04807fc26a09,cc6fabfe01b16ca7dbd730998ed15a39776c4af7,development/book-three-convergence-and-final-door.md,66: Import current version 7 supporting decisions (1/3),planned; reconstructed partial snapshot
06-development-notes/book-three-previous-outline-2026-09-24.md,55d14ee5ac52df6049113fb373bc9414c82a8e98e73a82bf1f1373e6796f069b,bd0c08e049a0521d11e239edda13663ada9906c8,development/book-three-previous-outline.md,66: Import current version 7 supporting decisions (1/3),planned; reconstructed partial snapshot
06-development-notes/book-three-seeding-and-successor-arks-2026-09-24.md,0c7fd68affb7b254f01f1dcf4c5985c79d189019f7b2576d4ef70a2624e2790c,102617202ddffc199c819108cc8afcd228d6b27f,development/book-three-seeding-and-successor-arks.md,66: Import current version 7 supporting decisions (1/3),planned; reconstructed partial snapshot
06-development-notes/consciousness-diversity-and-havens-purpose-2026-09-24.md,4c70ad789a3ff9379c29a8f86ad55d6d6a80fc3295c8df820e9aa2259f1d40be,d31b8ca262777b965459e0999794e3f21317f63d,development/consciousness-diversity-and-havens-purpose.md,67: Import current version 7 supporting decisions (2/3),planned; reconstructed partial snapshot
06-development-notes/consciousness-preservation-and-renewal-2026-09-24.md,18dd4458a415676ef984002c11166960539f3eddc75d7800fd6aef08eb2279b1,6382f1e623e7889be3be7a19b9b4e7b7ed7f090c,development/consciousness-preservation-and-renewal.md,67: Import current version 7 supporting decisions (2/3),planned; reconstructed partial snapshot
06-development-notes/current-plot-summary-books-one-and-two.md,0a8036a16aa0d58116080fdb20e46ab5af3090cc9171850f034269f1e1621abc,ad0133b2afe62c9bd004a9fcf97f8856d2e48d60,reference/synopsis.md,67: Import current version 7 supporting decisions (2/3),planned; reconstructed partial snapshot
06-development-notes/fermi-luca-and-ancestral-seeding-review-2026-09-24.md,e6566767508af74eaee39c530f0754f5750d0d1eb635890bdcb555f13c6ac3d7,bd0a075e85167155b0be9ad7a93e2493230d1878,development/fermi-luca-and-ancestral-seeding-review.md,67: Import current version 7 supporting decisions (2/3),planned; reconstructed partial snapshot
06-development-notes/nonhuman-ark-and-accidental-lineage-2026-09-24.md,15578dd4872aaa7c2366a221a1949e562062bc77bf836f58dd2b71859e23025b,b06897e376d5bb01106690275d6308245fcc60c5,development/nonhuman-ark-and-accidental-lineage.md,67: Import current version 7 supporting decisions (2/3),planned; reconstructed partial snapshot
06-development-notes/philosophy-scene-map-and-progress-2026-09-24.md,0bfd65ff60600bf1b5d47a32ccc5692c2aecc3293df44b3296588072ad5c3cfd,007c49c14b76d1808c1b842a82580b78512305bc,development/philosophy-scene-map-and-progress.md,67: Import current version 7 supporting decisions (2/3),planned; reconstructed partial snapshot
06-development-notes/the-final-decision-cover-line-2026-09-24.md,977c7ac4f5d955522fdfffbdac6bf9cf6276eb93d408b161f42a3ba9cd24637a,f493e97733b092aec91b82ffa91eca38ba5ba662,development/the-final-decision-cover-line.md,67: Import current version 7 supporting decisions (2/3),planned; reconstructed partial snapshot
06-development-notes/trilogy-progression-and-current-direction-2026-09-24.md,202ac282895d10c3570df35690615f3c2ace8e899eb602bd1abfe975d55ab428,73002b7823a36418544e9d07eb243552f074f819,development/trilogy-progression-and-current-direction.md,68: Import current version 7 supporting decisions (3/3),planned; reconstructed partial snapshot
06-development-notes/v7-philosophy-and-mythology-2026-09-24.md,bf39114065caa7573269331655d3c28f6c62f7f732a9f7917bc4eaf479fd1376,86e3e46af536ebe6bc2fb839fc2c6b1885411218,development/philosophy-and-mythology.md,68: Import current version 7 supporting decisions (3/3),planned; reconstructed partial snapshot
06-development-notes/v7-revision-checklist-2026-09-24.md,0ce4e5805a73d1c28867fc2b273c9d3c67fe0239181a60b31ed040f533dc9028,e624d371134272dfaa33052ec358dd35792c32d5,development/revision-checklist.md,68: Import current version 7 supporting decisions (3/3),planned; reconstructed partial snapshot
06-development-notes/v7-vessel-and-trilogy-philosophy-2026-09-24.md,406581fb42caff9cc7a149de1d35d964f85b39b2df509114f85fd0ec322e93e7,9c2abeb7c7b65fb9c252705f06cce03071fb8633,development/vessel-and-trilogy-philosophy.md,68: Import current version 7 supporting decisions (3/3),planned; reconstructed partial snapshot
01-bible/bible.md,068ae993ad10f18c383073db6128cf7383587574037bf4f433a773b6a08a7e7a,c80b7162570567750349560b8a70321e1cd2fb93,reference/bible.md,69: Import current version 7 core references,planned; reconstructed partial snapshot
04-characters/character-sheets.md,6c11a924c53717b8c62c0a457828ec4867e7673dba9148891fc372ad427fa726,5dba1a777b9a9b61d769267f8f6e179c46698e12,reference/characters.md,69: Import current version 7 core references,planned; reconstructed partial snapshot
.gitignore,5ed259eeea458683da33850a003cad867014951687bc5154dec067f6adcb741b,3d913203da5188f9cf8004e52dd3522ae560508b,production/package.gitignore,70: Preserve package navigation and production evidence (1/3),planned; reconstructed partial snapshot
08-production/README.md,56aecefaa5f17251c5875a36d6593c816f50417662e58565bacab6eb9eb071cf,91b594e55d4eb1d141793c69c3811aa0344f5090,production/README.md,70: Preserve package navigation and production evidence (1/3),planned; reconstructed partial snapshot
08-production/book-three-adaptation-validation-2026-09-24.json,dcd9978d1a301386f9c28aa8d69c2ab0101ca39fd4ec47a11c6ac422308ef73f,11b60fe19e7a46076580d1903c2fd5a3406860a6,production/book-three-adaptation-validation-2026-09-24.json,70: Preserve package navigation and production evidence (1/3),planned; reconstructed partial snapshot
08-production/book-three-convergence-validation-2026-09-24.json,1184d9fbf9b863a2304b8defe9a84c39243e797f1fc435c2e831f46cbc0d8de9,9b7c3bb64049a31953c6ebfbca0e06bb52d200a9,production/book-three-convergence-validation-2026-09-24.json,70: Preserve package navigation and production evidence (1/3),planned; reconstructed partial snapshot
08-production/consciousness-diversity-validation-2026-09-24.json,ded29fecff18dc9a39e1d760f6ceb746614cbcecbf6c1b5cf323401a91268d34,7fc937e745e6f0100716fc11c127f44a4e18702f,production/consciousness-diversity-validation-2026-09-24.json,70: Preserve package navigation and production evidence (1/3),planned; reconstructed partial snapshot
08-production/consciousness-framework-validation-2026-09-24.json,6398edfdcfb323a9933c5cc7a8b7bd4364ea12bf032c2d436d53f6dfd6acc822,6ca1e1ca48d5904378d71b58245d834480c36615,production/consciousness-framework-validation-2026-09-24.json,70: Preserve package navigation and production evidence (1/3),planned; reconstructed partial snapshot
08-production/fermi-luca-validation-2026-09-24.json,ff9f6ab947859d1c571b4a52a0cffc1085fcf1b1db49617bc7b93b3db104d756,f4562f98134f05b81584b836ddcd4787910317bb,production/fermi-luca-validation-2026-09-24.json,70: Preserve package navigation and production evidence (1/3),planned; reconstructed partial snapshot
08-production/nonhuman-ark-proposal-validation-2026-09-24.json,55d120c202bf50b2b39603ad739f679343b905affb0305b4adc157b2302e68fd,68edaad7ba1f82c4b526a5abebfd38fd7377cb51,production/nonhuman-ark-proposal-validation-2026-09-24.json,71: Preserve package navigation and production evidence (2/3),planned; reconstructed partial snapshot
08-production/package-source-coverage-2026-09-24.csv,7fab5528fd8213cb2a52277461c409e8f9c0294ba15ea3099bfa45a9aca87283,24dc41968d015b6ffd0914530afbac59e79fe8d2,production/package-source-coverage-2026-09-24.csv,71: Preserve package navigation and production evidence (2/3),planned; reconstructed partial snapshot
08-production/philosophy-scene-map-validation-2026-09-24.json,50c6c658c5254b94d88c63906fecf766110c68b7aa57a321999c4a00426a5d1c,a71579af59d86c251adda7b965dad4d3e32389e3,production/philosophy-scene-map-validation-2026-09-24.json,71: Preserve package navigation and production evidence (2/3),planned; reconstructed partial snapshot
08-production/seeding-proposal-validation-2026-09-24.json,d16c86be63dfd4654fcc76739cc105cd36aabb10697fba87d95d770cd5a64b46,d3c1cf6f75bc90f2faf3878a6b512f6727f42977,production/seeding-proposal-validation-2026-09-24.json,71: Preserve package navigation and production evidence (2/3),planned; reconstructed partial snapshot
08-production/v7-planning-documentation-validation.json,b61ddd1e9982a43719f5d8c36fb974965fdcffeb047421d9c90fe2b4721a3b8e,a32debd56a70b715d4b89a6ac3792de5c55a788b,production/v7-planning-documentation-validation.json,71: Preserve package navigation and production evidence (2/3),planned; reconstructed partial snapshot
08-production/zip-consolidation-report-2026-09-24.md,f37b502f63de5e3eaf23a4780c117a1ed2e6e71303162a34b2c1296e484ec7b4,64be101ff7892347fd0a6720992a0e71f0b7114d,production/zip-consolidation-report-2026-09-24.md,71: Preserve package navigation and production evidence (2/3),planned; reconstructed partial snapshot
08-production/zip-consolidation-validation-2026-09-24.json,43d8086181ba97639ac73d565d21abbfcb59d7c460f8fd108a147105b94481b7,d92d1cc0121906feed69bedd4f75f2240680f24f,production/zip-consolidation-validation-2026-09-24.json,71: Preserve package navigation and production evidence (2/3),planned; reconstructed partial snapshot
CONTENTS.md,96bcb32d518be7860cef52a51a78c229efd4f968f12871733ba1fff18228f1ef,d46999360cd7ab9381f43d72956ee5a2d386f46f,development/package-contents.md,72: Preserve package navigation and production evidence (3/3),planned; reconstructed partial snapshot
PROJECT-MERGE-MANIFEST.md,9f658f1c9b19e8fb38c1611fd19e3ad1a95437932f3b84c6d4b1b675b926db7a,7cdf59e4f992ceb2a1d3c56245d26049fb87b3fa,development/package-manifest.md,72: Preserve package navigation and production evidence (3/3),planned; reconstructed partial snapshot
README.md,48ee621bef584825bccd2809c9a086413a737567df89df831e0a7fd41d018f74,6d6801509de1462294f38e02b8de338249827a29,development/package-readme.md,72: Preserve package navigation and production evidence (3/3),planned; reconstructed partial snapshot
START-HERE.md,5583937b3d5aacc29b8b17a6cbe86a3ef1a793ef844c316dc7aed2dd52bbf998,1e860a3b452321a9582e6468cc08437820ab6079,development/package-start.md,72: Preserve package navigation and production evidence (3/3),planned; reconstructed partial snapshot
08-production/__pycache__/render-book-v5.cpython-312.pyc,bc7ba2a8bc9c66e2b156373d59889f4a8046e532e08b0067ac72dd6f95693664,,,,excluded generated cache
